track_id,album_id,artist_id,artist_name,track_name,duration_ms,track_number,explicit,spotify_url
7HX1VOiPj1oMlgZ3OQ92B6,1OARrXe5sB0gyy3MhQ8h92,1Xyo4u8uXC1ZmMpatF05PJ,The Weeknd,Intro - Live,95813,1,False,https://open.spotify.com/track/7HX1VOiPj1oMlgZ3OQ92B6
2evYKtXNAdn60ANNEdjH7V,1OARrXe5sB0gyy3MhQ8h92,1Xyo4u8uXC1ZmMpatF05PJ,The Weeknd,Alone Again - Live,167253,2,True,https://open.spotify.com/track/2evYKtXNAdn60ANNEdjH7V
2h3ZotklPN6aD7OuHz7bFZ,1OARrXe5sB0gyy3MhQ8h92,1Xyo4u8uXC1ZmMpatF05PJ,The Weeknd,Gasoline - Live,195635,3,False,https://open.spotify.com/track/2h3ZotklPN6aD7OuHz7bFZ
7skxtd9x0d05fjz4D7w3t2,1OARrXe5sB0gyy3MhQ8h92,1Xyo4u8uXC1ZmMpatF05PJ,The Weeknd,Sacrifice - Live,263240,4,True,https://open.spotify.com/track/7skxtd9x0d05fjz4D7w3t2
72SxWvaYsDgix2N3sjCjT1,1OARrXe5sB0gyy3MhQ8h92,1Xyo4u8uXC1ZmMpatF05PJ,The Weeknd,How Do I Make You Love Me? - Live,209040,5,False,https://open.spotify.com/track/72SxWvaYsDgix2N3sjCjT1
47vfGRaXEGzcM2vI7JC2OO,1OARrXe5sB0gyy3MhQ8h92,1Xyo4u8uXC1ZmMpatF05PJ,The Weeknd,Can't Feel My Face - Live,183888,6,False,https://open.spotify.com/track/47vfGRaXEGzcM2vI7JC2OO
02YlAvsmptN8LisZqrWBIb,1OARrXe5sB0gyy3MhQ8h92,1Xyo4u8uXC1ZmMpatF05PJ,The Weeknd,Take My Breath - Live,235966,7,False,https://open.spotify.com/track/02YlAvsmptN8LisZqrWBIb
45ypYpAdgoneWcBT0Wba3p,1OARrXe5sB0gyy3MhQ8h92,1Xyo4u8uXC1ZmMpatF05PJ,The Weeknd,Hurricane - Live,127527,8,False,https://open.spotify.com/track/45ypYpAdgoneWcBT0Wba3p
6N8W7Dbcsg9tRDxn0wjFkR,1OARrXe5sB0gyy3MhQ8h92,1Xyo4u8uXC1ZmMpatF05PJ,The Weeknd,The Hills - Live,185361,9,True,https://open.spotify.com/track/6N8W7Dbcsg9tRDxn0wjFkR
3kdEGx81MR9ftxRbF3Zf84,1OARrXe5sB0gyy3MhQ8h92,1Xyo4u8uXC1ZmMpatF05PJ,The Weeknd,Often - Live,148878,10,True,https://open.spotify.com/track/3kdEGx81MR9ftxRbF3Zf84
03H6iCycyxfB2mZzIOEeKJ,1OARrXe5sB0gyy3MhQ8h92,1Xyo4u8uXC1ZmMpatF05PJ,The Weeknd,Crew Love - Live,113460,11,True,https://open.spotify.com/track/03H6iCycyxfB2mZzIOEeKJ
4ZYGm4xWPhsZVijqtpWn4C,1OARrXe5sB0gyy3MhQ8h92,1Xyo4u8uXC1ZmMpatF05PJ,The Weeknd,Starboy - Live,245818,12,True,https://open.spotify.com/track/4ZYGm4xWPhsZVijqtpWn4C
0WrIAsGJOei2FGeakvpTDU,1OARrXe5sB0gyy3MhQ8h92,1Xyo4u8uXC1ZmMpatF05PJ,The Weeknd,Heartless - Live,124255,13,True,https://open.spotify.com/track/0WrIAsGJOei2FGeakvpTDU
431r2Qg4I2qFIKdSFCJN4s,1OARrXe5sB0gyy3MhQ8h92,1Xyo4u8uXC1ZmMpatF05PJ,The Weeknd,Low Life - Live,107256,14,True,https://open.spotify.com/track/431r2Qg4I2qFIKdSFCJN4s
6tB01QHgH9YuVA8TomAzni,1OARrXe5sB0gyy3MhQ8h92,1Xyo4u8uXC1ZmMpatF05PJ,The Weeknd,Or Nah - Live,101450,15,True,https://open.spotify.com/track/6tB01QHgH9YuVA8TomAzni
2YI8oiiImLkZvVgP33xrjD,1OARrXe5sB0gyy3MhQ8h92,1Xyo4u8uXC1ZmMpatF05PJ,The Weeknd,Kiss Land - Live,110315,16,True,https://open.spotify.com/track/2YI8oiiImLkZvVgP33xrjD
6knNhL3mIaackJvtjmUrfN,1OARrXe5sB0gyy3MhQ8h92,1Xyo4u8uXC1ZmMpatF05PJ,The Weeknd,Party Monster - Live,189883,17,True,https://open.spotify.com/track/6knNhL3mIaackJvtjmUrfN
5RlqhZfTao31aQUO2QjpkG,1OARrXe5sB0gyy3MhQ8h92,1Xyo4u8uXC1ZmMpatF05PJ,The Weeknd,Faith - Live,185016,18,True,https://open.spotify.com/track/5RlqhZfTao31aQUO2QjpkG
7HK0ZDEsW0lGKKIVYvni2z,1OARrXe5sB0gyy3MhQ8h92,1Xyo4u8uXC1ZmMpatF05PJ,The Weeknd,After Hours - Live,267912,19,False,https://open.spotify.com/track/7HK0ZDEsW0lGKKIVYvni2z
6XZ8C5etRn0kiS1wwuW0SO,1OARrXe5sB0gyy3MhQ8h92,1Xyo4u8uXC1ZmMpatF05PJ,The Weeknd,Out of Time - Live,200934,20,False,https://open.spotify.com/track/6XZ8C5etRn0kiS1wwuW0SO
6RO76UK0g0r1BJqpk3VwXJ,6pamCzTowX31m57z8dC1Sk,3eLZo1bSslvsu0zNhtmMM4,Wicked Movie Cast,Every Day More Wicked,288766,1,False,https://open.spotify.com/track/6RO76UK0g0r1BJqpk3VwXJ
0NF7g7bRjrPHpwWmCAMXqk,6pamCzTowX31m57z8dC1Sk,66CXWjxzNUsdJxJ2JdwvnR,Ariana Grande,Thank Goodness / I Couldn’t Be Happier,322866,2,False,https://open.spotify.com/track/0NF7g7bRjrPHpwWmCAMXqk
4ksMhBwCDJJEaAbuQKYXJz,6pamCzTowX31m57z8dC1Sk,46UMQ0cW8ToR8egkBRwAxZ,Cynthia Erivo,No Place Like Home,231233,3,False,https://open.spotify.com/track/4ksMhBwCDJJEaAbuQKYXJz
1hSbcsqNmTaLVOUQ340Flt,6pamCzTowX31m57z8dC1Sk,6uGIoRQUqP4ncxyg6HksA1,Marissa Bode,The Wicked Witch of the East,203330,4,False,https://open.spotify.com/track/1hSbcsqNmTaLVOUQ340Flt
0fn8RZiNxBfRHRLX8UJI9T,6pamCzTowX31m57z8dC1Sk,0O1n2TpXR4XizmHi7aY0l8,Jeff Goldblum,Wonderful,285456,5,False,https://open.spotify.com/track/0fn8RZiNxBfRHRLX8UJI9T
22MepoED2nQFwUxH2ZnUx2,6pamCzTowX31m57z8dC1Sk,66CXWjxzNUsdJxJ2JdwvnR,Ariana Grande,I’m Not That Girl (Reprise),130546,6,False,https://open.spotify.com/track/22MepoED2nQFwUxH2ZnUx2
59vtqGF0p7RgNjnzC9Zk2p,6pamCzTowX31m57z8dC1Sk,46UMQ0cW8ToR8egkBRwAxZ,Cynthia Erivo,As Long As You’re Mine,246573,7,False,https://open.spotify.com/track/59vtqGF0p7RgNjnzC9Zk2p
5o0hD6Bs6RdyZxfYBoEEc8,6pamCzTowX31m57z8dC1Sk,46UMQ0cW8ToR8egkBRwAxZ,Cynthia Erivo,No Good Deed,230250,8,False,https://open.spotify.com/track/5o0hD6Bs6RdyZxfYBoEEc8
6kyPPsnaFuPX65bd36fdb8,6pamCzTowX31m57z8dC1Sk,3eLZo1bSslvsu0zNhtmMM4,Wicked Movie Cast,March of the Witch Hunters,156209,9,False,https://open.spotify.com/track/6kyPPsnaFuPX65bd36fdb8
6Wxn79EwKPQvYerlctheGx,6pamCzTowX31m57z8dC1Sk,66CXWjxzNUsdJxJ2JdwvnR,Ariana Grande,The Girl in the Bubble,220500,10,False,https://open.spotify.com/track/6Wxn79EwKPQvYerlctheGx
5shGj5OOnpmg4tQlFjyzZY,6pamCzTowX31m57z8dC1Sk,46UMQ0cW8ToR8egkBRwAxZ,Cynthia Erivo,For Good,377098,11,False,https://open.spotify.com/track/5shGj5OOnpmg4tQlFjyzZY
5CdeOC9tjjv8ufFt8aG88l,64QhljQEwTfoEt9z6jsyxl,6eUKZXaKkcviH0Ku9w2n3V,Ed Sheeran,Opening,240618,1,True,https://open.spotify.com/track/5CdeOC9tjjv8ufFt8aG88l
61QMNnYdZlSqJyjrhF1FSz,64QhljQEwTfoEt9z6jsyxl,6eUKZXaKkcviH0Ku9w2n3V,Ed Sheeran,Sapphire,179082,2,False,https://open.spotify.com/track/61QMNnYdZlSqJyjrhF1FSz
542th0l13cjyy4qeMx8S0l,64QhljQEwTfoEt9z6jsyxl,6eUKZXaKkcviH0Ku9w2n3V,Ed Sheeran,Azizam,162029,3,False,https://open.spotify.com/track/542th0l13cjyy4qeMx8S0l
2t1KKJvWUi5HkkBz2FP4Gt,64QhljQEwTfoEt9z6jsyxl,6eUKZXaKkcviH0Ku9w2n3V,Ed Sheeran,Old Phone,221831,4,False,https://open.spotify.com/track/2t1KKJvWUi5HkkBz2FP4Gt
7fQKHhgzmLbh8kbnja408p,64QhljQEwTfoEt9z6jsyxl,6eUKZXaKkcviH0Ku9w2n3V,Ed Sheeran,Symmetry,168979,5,False,https://open.spotify.com/track/7fQKHhgzmLbh8kbnja408p
4rWeuQF9HD3UP6XEqLDVew,64QhljQEwTfoEt9z6jsyxl,6eUKZXaKkcviH0Ku9w2n3V,Ed Sheeran,Camera,215511,6,False,https://open.spotify.com/track/4rWeuQF9HD3UP6XEqLDVew
03qAI5HA2LS4Bm8SGpTp1X,64QhljQEwTfoEt9z6jsyxl,6eUKZXaKkcviH0Ku9w2n3V,Ed Sheeran,In Other Words,222782,7,False,https://open.spotify.com/track/03qAI5HA2LS4Bm8SGpTp1X
0Uf1p48dC2HxulFtTeHhrt,64QhljQEwTfoEt9z6jsyxl,6eUKZXaKkcviH0Ku9w2n3V,Ed Sheeran,A Little More,192043,8,True,https://open.spotify.com/track/0Uf1p48dC2HxulFtTeHhrt
67SRkZC5i7J4IgnKuCUs7w,64QhljQEwTfoEt9z6jsyxl,6eUKZXaKkcviH0Ku9w2n3V,Ed Sheeran,Slowly,201281,9,False,https://open.spotify.com/track/67SRkZC5i7J4IgnKuCUs7w
7ne6grXcOlB7o5TfYr3Mfa,64QhljQEwTfoEt9z6jsyxl,6eUKZXaKkcviH0Ku9w2n3V,Ed Sheeran,Don’t Look Down,217681,10,False,https://open.spotify.com/track/7ne6grXcOlB7o5TfYr3Mfa
59DtKdVcqOpvxoBGTXDz4j,64QhljQEwTfoEt9z6jsyxl,6eUKZXaKkcviH0Ku9w2n3V,Ed Sheeran,The Vow,212792,11,False,https://open.spotify.com/track/59DtKdVcqOpvxoBGTXDz4j
3AMwI1GI8W7PiIcXyKYkQy,64QhljQEwTfoEt9z6jsyxl,6eUKZXaKkcviH0Ku9w2n3V,Ed Sheeran,For Always,207256,12,False,https://open.spotify.com/track/3AMwI1GI8W7PiIcXyKYkQy
2l9sCTpZUh3OTZSJtvVCeb,64QhljQEwTfoEt9z6jsyxl,6eUKZXaKkcviH0Ku9w2n3V,Ed Sheeran,Heaven,243565,13,False,https://open.spotify.com/track/2l9sCTpZUh3OTZSJtvVCeb
0Hn2OLfgY8SQMkUGuaFTlL,64QhljQEwTfoEt9z6jsyxl,6eUKZXaKkcviH0Ku9w2n3V,Ed Sheeran,Problems,174628,14,False,https://open.spotify.com/track/0Hn2OLfgY8SQMkUGuaFTlL
7zadtVYmhKfnPW9LxPxvbt,64QhljQEwTfoEt9z6jsyxl,6eUKZXaKkcviH0Ku9w2n3V,Ed Sheeran,War Game,192259,15,False,https://open.spotify.com/track/7zadtVYmhKfnPW9LxPxvbt
3ofhhx5VVZqgHlGeW9cKak,64QhljQEwTfoEt9z6jsyxl,6eUKZXaKkcviH0Ku9w2n3V,Ed Sheeran,Regrets,228514,16,False,https://open.spotify.com/track/3ofhhx5VVZqgHlGeW9cKak
2IdYSlDtu8FpGde4fwekuw,64QhljQEwTfoEt9z6jsyxl,6eUKZXaKkcviH0Ku9w2n3V,Ed Sheeran,Freedom,237568,17,False,https://open.spotify.com/track/2IdYSlDtu8FpGde4fwekuw
2f9mI9NbGhBpHWIAVcgNOs,64QhljQEwTfoEt9z6jsyxl,6eUKZXaKkcviH0Ku9w2n3V,Ed Sheeran,Sapphire (feat. Arijit Singh) - Remix,180648,18,False,https://open.spotify.com/track/2f9mI9NbGhBpHWIAVcgNOs
5UQ3JrA9kEh7rfwhUS1h0z,6QNMhoV8V0u7cFuhhUBOn7,06HL4z0CvFAxyc27GXpf02,Taylor Swift,The Fate of Ophelia,226073,1,False,https://open.spotify.com/track/5UQ3JrA9kEh7rfwhUS1h0z
6virCtlwc98cKYVyeZYXqq,6QNMhoV8V0u7cFuhhUBOn7,06HL4z0CvFAxyc27GXpf02,Taylor Swift,Elizabeth Taylor,208291,2,False,https://open.spotify.com/track/6virCtlwc98cKYVyeZYXqq
0WUwHkIXQY55MLOrw8EM6m,6QNMhoV8V0u7cFuhhUBOn7,06HL4z0CvFAxyc27GXpf02,Taylor Swift,Opalite,235356,3,False,https://open.spotify.com/track/0WUwHkIXQY55MLOrw8EM6m
6H0nEKqkTRxa30Pru1h7SD,6QNMhoV8V0u7cFuhhUBOn7,06HL4z0CvFAxyc27GXpf02,Taylor Swift,Father Figure,212777,4,True,https://open.spotify.com/track/6H0nEKqkTRxa30Pru1h7SD
6nhsv9Jeluz5gXt592KN3m,6QNMhoV8V0u7cFuhhUBOn7,06HL4z0CvFAxyc27GXpf02,Taylor Swift,Eldest Daughter,246356,5,True,https://open.spotify.com/track/6nhsv9Jeluz5gXt592KN3m
05VwM318oU6aNc1GS4MtLV,6QNMhoV8V0u7cFuhhUBOn7,06HL4z0CvFAxyc27GXpf02,Taylor Swift,Ruin The Friendship,220564,6,False,https://open.spotify.com/track/05VwM318oU6aNc1GS4MtLV
6G3dUZrsaOYhe2gRyNukwA,6QNMhoV8V0u7cFuhhUBOn7,06HL4z0CvFAxyc27GXpf02,Taylor Swift,Actually Romantic,163699,7,True,https://open.spotify.com/track/6G3dUZrsaOYhe2gRyNukwA
6udRZQi3g501XNOcRnE9fo,6QNMhoV8V0u7cFuhhUBOn7,06HL4z0CvFAxyc27GXpf02,Taylor Swift,Wi$h Li$t,207349,8,True,https://open.spotify.com/track/6udRZQi3g501XNOcRnE9fo
4Ox858TeUXjy7WEKOcxaFI,6QNMhoV8V0u7cFuhhUBOn7,06HL4z0CvFAxyc27GXpf02,Taylor Swift,Wood,150517,9,True,https://open.spotify.com/track/4Ox858TeUXjy7WEKOcxaFI
67SmofYg9enUWfcPqUuoVm,6QNMhoV8V0u7cFuhhUBOn7,06HL4z0CvFAxyc27GXpf02,Taylor Swift,CANCELLED!,211498,10,True,https://open.spotify.com/track/67SmofYg9enUWfcPqUuoVm
7jHzBmxAGVVPvLiq4Y45pD,6QNMhoV8V0u7cFuhhUBOn7,06HL4z0CvFAxyc27GXpf02,Taylor Swift,Honey,181534,11,True,https://open.spotify.com/track/7jHzBmxAGVVPvLiq4Y45pD
6EqHzZp61G5uQ12QEiibpT,6QNMhoV8V0u7cFuhhUBOn7,06HL4z0CvFAxyc27GXpf02,Taylor Swift,The Life of a Showgirl (feat. Sabrina Carpenter),241766,12,True,https://open.spotify.com/track/6EqHzZp61G5uQ12QEiibpT
3lcWDG62OH0cH5GHLdT5X4,6QNMhoV8V0u7cFuhhUBOn7,06HL4z0CvFAxyc27GXpf02,Taylor Swift,The Fate of Ophelia - Alone In My Tower Acoustic Version,225816,13,False,https://open.spotify.com/track/3lcWDG62OH0cH5GHLdT5X4
4UBWugj5D20ZveyzdGpqvD,6QNMhoV8V0u7cFuhhUBOn7,06HL4z0CvFAxyc27GXpf02,Taylor Swift,Elizabeth Taylor - So Glamorous Cabaret Version,247268,14,False,https://open.spotify.com/track/4UBWugj5D20ZveyzdGpqvD
0Ny2HkSrLtvmBVwCQywyip,6QNMhoV8V0u7cFuhhUBOn7,06HL4z0CvFAxyc27GXpf02,Taylor Swift,Opalite - Life Is A Song Acoustic Version,242738,15,False,https://open.spotify.com/track/0Ny2HkSrLtvmBVwCQywyip
2JHzTARFUispsjZHKhrxxO,6QNMhoV8V0u7cFuhhUBOn7,06HL4z0CvFAxyc27GXpf02,Taylor Swift,Eldest Daughter - Now You’re Home Acoustic Version,244363,16,True,https://open.spotify.com/track/2JHzTARFUispsjZHKhrxxO
6hKfPNnVlA2cgTgKj6Vgcw,6QNMhoV8V0u7cFuhhUBOn7,06HL4z0CvFAxyc27GXpf02,Taylor Swift,Ruin The Friendship - My Advice Version,222087,17,False,https://open.spotify.com/track/6hKfPNnVlA2cgTgKj6Vgcw
1qwClaxDb5fCrLjXaAmB35,6QNMhoV8V0u7cFuhhUBOn7,06HL4z0CvFAxyc27GXpf02,Taylor Swift,Wi$h Li$t - Settled Down Acoustic Version,210912,18,True,https://open.spotify.com/track/1qwClaxDb5fCrLjXaAmB35
2DF2sUvgHFKJ5TQGjm6n3T,6QNMhoV8V0u7cFuhhUBOn7,06HL4z0CvFAxyc27GXpf02,Taylor Swift,The Life of a Showgirl (feat. Sabrina Carpenter) - Dressing Room Rehearsal Version,239790,19,True,https://open.spotify.com/track/2DF2sUvgHFKJ5TQGjm6n3T
1a3G9SNslcKsPAOuIikaxd,06mXfvDsRZNfnsGZvX2zpb,4gzpq5DPGxSnKTe4SA8HAU,Coldplay,🪐,53184,1,False,https://open.spotify.com/track/1a3G9SNslcKsPAOuIikaxd
65OR4ywy8Cgs3FDHK82Idl,06mXfvDsRZNfnsGZvX2zpb,4gzpq5DPGxSnKTe4SA8HAU,Coldplay,Higher Power,206681,2,False,https://open.spotify.com/track/65OR4ywy8Cgs3FDHK82Idl
23BO6YozrAXUta1buxFZ80,06mXfvDsRZNfnsGZvX2zpb,4gzpq5DPGxSnKTe4SA8HAU,Coldplay,Humankind,266705,3,False,https://open.spotify.com/track/23BO6YozrAXUta1buxFZ80
1danObd53GynoY83wRz3Ua,06mXfvDsRZNfnsGZvX2zpb,4gzpq5DPGxSnKTe4SA8HAU,Coldplay,✨,53033,4,False,https://open.spotify.com/track/1danObd53GynoY83wRz3Ua
4cGqn0E8JCSY9gQllQj4Mf,06mXfvDsRZNfnsGZvX2zpb,4gzpq5DPGxSnKTe4SA8HAU,Coldplay,Let Somebody Go,241595,5,False,https://open.spotify.com/track/4cGqn0E8JCSY9gQllQj4Mf
3oTYv0yShT4sjuPncoUXfK,06mXfvDsRZNfnsGZvX2zpb,4gzpq5DPGxSnKTe4SA8HAU,Coldplay,❤️,188966,6,False,https://open.spotify.com/track/3oTYv0yShT4sjuPncoUXfK
5ophZLHA9mwSZhQSmboyDN,06mXfvDsRZNfnsGZvX2zpb,4gzpq5DPGxSnKTe4SA8HAU,Coldplay,People of The Pride,217266,7,True,https://open.spotify.com/track/5ophZLHA9mwSZhQSmboyDN
2L2mM3rEO3arNIMQnb3dou,06mXfvDsRZNfnsGZvX2zpb,4gzpq5DPGxSnKTe4SA8HAU,Coldplay,Biutyful,192394,8,False,https://open.spotify.com/track/2L2mM3rEO3arNIMQnb3dou
0RbekAlUrwR6ZWJdwB3V4y,06mXfvDsRZNfnsGZvX2zpb,4gzpq5DPGxSnKTe4SA8HAU,Coldplay,🌎,21388,9,False,https://open.spotify.com/track/0RbekAlUrwR6ZWJdwB3V4y
46HNZY1i7O6jwTA7Slo2PI,06mXfvDsRZNfnsGZvX2zpb,4gzpq5DPGxSnKTe4SA8HAU,Coldplay,My Universe,226198,10,False,https://open.spotify.com/track/46HNZY1i7O6jwTA7Slo2PI
2wleRXcIPqltoDPLMH5WDa,06mXfvDsRZNfnsGZvX2zpb,4gzpq5DPGxSnKTe4SA8HAU,Coldplay,♾,226140,11,False,https://open.spotify.com/track/2wleRXcIPqltoDPLMH5WDa
0jH7gF7KCk2Lom9gimaKms,06mXfvDsRZNfnsGZvX2zpb,4gzpq5DPGxSnKTe4SA8HAU,Coldplay,Coloratura,617057,12,False,https://open.spotify.com/track/0jH7gF7KCk2Lom9gimaKms
41FNZsY7w7KaTQ2bjxdR6w,5SGtrmYbIo0Dsg4kJ4qjM6,4gzpq5DPGxSnKTe4SA8HAU,Coldplay,MOON MUSiC,276476,1,False,https://open.spotify.com/track/41FNZsY7w7KaTQ2bjxdR6w
49S3znqBAQyPyMpEuKeyJ6,5SGtrmYbIo0Dsg4kJ4qjM6,4gzpq5DPGxSnKTe4SA8HAU,Coldplay,feelslikeimfallinginlove,236230,2,False,https://open.spotify.com/track/49S3znqBAQyPyMpEuKeyJ6
7xrEnNo99wrmIs8ZK3RZMK,5SGtrmYbIo0Dsg4kJ4qjM6,4gzpq5DPGxSnKTe4SA8HAU,Coldplay,WE PRAY,233406,3,False,https://open.spotify.com/track/7xrEnNo99wrmIs8ZK3RZMK
3EbRbM7qyJq9qjRqDIwBTO,5SGtrmYbIo0Dsg4kJ4qjM6,4gzpq5DPGxSnKTe4SA8HAU,Coldplay,JUPiTER,240508,4,False,https://open.spotify.com/track/3EbRbM7qyJq9qjRqDIwBTO
65wzicJctsW9GwnTnLWxQO,5SGtrmYbIo0Dsg4kJ4qjM6,4gzpq5DPGxSnKTe4SA8HAU,Coldplay,GOOD FEELiNGS,217380,5,False,https://open.spotify.com/track/65wzicJctsW9GwnTnLWxQO
5lCyER2g9iYp4ozZ7iOKat,5SGtrmYbIo0Dsg4kJ4qjM6,4gzpq5DPGxSnKTe4SA8HAU,Coldplay,🌈,369598,6,False,https://open.spotify.com/track/5lCyER2g9iYp4ozZ7iOKat
1uwmf1x4LQLGv1P1xjJFYk,5SGtrmYbIo0Dsg4kJ4qjM6,4gzpq5DPGxSnKTe4SA8HAU,Coldplay,iAAM,183371,7,False,https://open.spotify.com/track/1uwmf1x4LQLGv1P1xjJFYk
4EGl6H86WFalKVWSXbheb2,5SGtrmYbIo0Dsg4kJ4qjM6,4gzpq5DPGxSnKTe4SA8HAU,Coldplay,AETERNA,253028,8,False,https://open.spotify.com/track/4EGl6H86WFalKVWSXbheb2
6iYxkBHyMpsgVxUgfy5fSx,5SGtrmYbIo0Dsg4kJ4qjM6,4gzpq5DPGxSnKTe4SA8HAU,Coldplay,ALL MY LOVE,222647,9,False,https://open.spotify.com/track/6iYxkBHyMpsgVxUgfy5fSx
7HFJpnjKUS7LGl8NiyfUE3,5SGtrmYbIo0Dsg4kJ4qjM6,4gzpq5DPGxSnKTe4SA8HAU,Coldplay,ONE WORLD,407656,10,False,https://open.spotify.com/track/7HFJpnjKUS7LGl8NiyfUE3
0O6lm9N6qJclxNFHl51nkr,71yBvOeRZ9os9LYFEy9eOk,3TVXtAsR1Inumwj472S9r4,Drake,Hoe Phase,203746,1,True,https://open.spotify.com/track/0O6lm9N6qJclxNFHl51nkr
6p0Ai6wRjz9CmjqkhoKOwf,71yBvOeRZ9os9LYFEy9eOk,3TVXtAsR1Inumwj472S9r4,Drake,Road Trips,243232,2,True,https://open.spotify.com/track/6p0Ai6wRjz9CmjqkhoKOwf
0EsJdOSOrBfTo816lWRW4Q,71yBvOeRZ9os9LYFEy9eOk,3TVXtAsR1Inumwj472S9r4,Drake,Outside Tweaking (feat. Stunna Sandy),190578,3,True,https://open.spotify.com/track/0EsJdOSOrBfTo816lWRW4Q
1AFW3QBDjBmb4EL9gyiYhe,71yBvOeRZ9os9LYFEy9eOk,3TVXtAsR1Inumwj472S9r4,Drake,Cheetah Print (feat. Sexyy Red),202466,4,True,https://open.spotify.com/track/1AFW3QBDjBmb4EL9gyiYhe
4qLHbbVJjNsOqWxHrTtvgx,71yBvOeRZ9os9LYFEy9eOk,3TVXtAsR1Inumwj472S9r4,Drake,Which One (feat. Central Cee),169134,5,True,https://open.spotify.com/track/4qLHbbVJjNsOqWxHrTtvgx
6hFjD546JTuTsUS6GawtVF,71yBvOeRZ9os9LYFEy9eOk,3TVXtAsR1Inumwj472S9r4,Drake,Amazing Shape (feat. Popcaan),176393,6,True,https://open.spotify.com/track/6hFjD546JTuTsUS6GawtVF
4gIzhWC1f98N3NtNlyPfY5,71yBvOeRZ9os9LYFEy9eOk,3TVXtAsR1Inumwj472S9r4,Drake,BBW,211859,7,True,https://open.spotify.com/track/4gIzhWC1f98N3NtNlyPfY5
5njYiWKlMfU1HkOyetTRg8,71yBvOeRZ9os9LYFEy9eOk,3TVXtAsR1Inumwj472S9r4,Drake,True Bestie (feat. Iconic Savvy),148855,8,True,https://open.spotify.com/track/5njYiWKlMfU1HkOyetTRg8
3WjmqBYVBac2PNZyGaiZnP,71yBvOeRZ9os9LYFEy9eOk,3TVXtAsR1Inumwj472S9r4,Drake,Where’s Your Stuff Interlude,52010,9,True,https://open.spotify.com/track/3WjmqBYVBac2PNZyGaiZnP
5dYyoRxPWVaV36XSD49yGS,71yBvOeRZ9os9LYFEy9eOk,3TVXtAsR1Inumwj472S9r4,Drake,New Bestie,259864,10,True,https://open.spotify.com/track/5dYyoRxPWVaV36XSD49yGS
7ppIKUHCFQGCQny1Se2jLV,71yBvOeRZ9os9LYFEy9eOk,3TVXtAsR1Inumwj472S9r4,Drake,Q&A,223255,11,True,https://open.spotify.com/track/7ppIKUHCFQGCQny1Se2jLV
02nXNKtNtO04TwnJpQrEWN,71yBvOeRZ9os9LYFEy9eOk,3TVXtAsR1Inumwj472S9r4,Drake,Stuck,177137,12,True,https://open.spotify.com/track/02nXNKtNtO04TwnJpQrEWN
25vFrwbvXqZpzu03R5Lzjq,71yBvOeRZ9os9LYFEy9eOk,3TVXtAsR1Inumwj472S9r4,Drake,Goose and The Juice,263715,13,True,https://open.spotify.com/track/25vFrwbvXqZpzu03R5Lzjq
2OrkG4TIWdm5ZhBwpbr3o0,71yBvOeRZ9os9LYFEy9eOk,3TVXtAsR1Inumwj472S9r4,Drake,Princess,193748,14,True,https://open.spotify.com/track/2OrkG4TIWdm5ZhBwpbr3o0
6S8lgW6nwrK75tddTLH7mX,0JPItniR1C7tjd4ac2R1Vk,66CXWjxzNUsdJxJ2JdwvnR,Ariana Grande,Moonlight,202366,1,False,https://open.spotify.com/track/6S8lgW6nwrK75tddTLH7mX
5EZWzEWmjVl6Eqn3tOSA2g,0JPItniR1C7tjd4ac2R1Vk,66CXWjxzNUsdJxJ2JdwvnR,Ariana Grande,Dangerous Woman,235949,2,False,https://open.spotify.com/track/5EZWzEWmjVl6Eqn3tOSA2g
0RCSbGc93M6SpC8TBG0pPR,0JPItniR1C7tjd4ac2R1Vk,66CXWjxzNUsdJxJ2JdwvnR,Ariana Grande,Be Alright,179283,3,False,https://open.spotify.com/track/0RCSbGc93M6SpC8TBG0pPR
4Bsd7hSLYvqaZFRyaWiw1E,0JPItniR1C7tjd4ac2R1Vk,66CXWjxzNUsdJxJ2JdwvnR,Ariana Grande,Into You,244444,4,False,https://open.spotify.com/track/4Bsd7hSLYvqaZFRyaWiw1E
7maih5X07qAqHxiPtN2mo3,0JPItniR1C7tjd4ac2R1Vk,66CXWjxzNUsdJxJ2JdwvnR,Ariana Grande,Side To Side,226178,5,True,https://open.spotify.com/track/7maih5X07qAqHxiPtN2mo3
1gBeG7MWAJJaCcQdWkRO3T,0JPItniR1C7tjd4ac2R1Vk,66CXWjxzNUsdJxJ2JdwvnR,Ariana Grande,Let Me Love You,223871,6,False,https://open.spotify.com/track/1gBeG7MWAJJaCcQdWkRO3T
7tH0eZNUkdI3OiSfzXxgCr,0JPItniR1C7tjd4ac2R1Vk,66CXWjxzNUsdJxJ2JdwvnR,Ariana Grande,Greedy,214889,7,False,https://open.spotify.com/track/7tH0eZNUkdI3OiSfzXxgCr
3z8MkhnA2WVfzoCrt3bM5j,0JPItniR1C7tjd4ac2R1Vk,66CXWjxzNUsdJxJ2JdwvnR,Ariana Grande,Leave Me Lonely,229677,8,False,https://open.spotify.com/track/3z8MkhnA2WVfzoCrt3bM5j
28OUThncuwdC6uasRvZd9w,0JPItniR1C7tjd4ac2R1Vk,66CXWjxzNUsdJxJ2JdwvnR,Ariana Grande,Everyday,194833,9,True,https://open.spotify.com/track/28OUThncuwdC6uasRvZd9w
3a1mMCctccHQQH52l15nmJ,0JPItniR1C7tjd4ac2R1Vk,66CXWjxzNUsdJxJ2JdwvnR,Ariana Grande,Sometimes,226666,10,False,https://open.spotify.com/track/3a1mMCctccHQQH52l15nmJ
1neFBSwRU3dzKYTcGJcLuI,0JPItniR1C7tjd4ac2R1Vk,66CXWjxzNUsdJxJ2JdwvnR,Ariana Grande,I Don't Care,178032,11,True,https://open.spotify.com/track/1neFBSwRU3dzKYTcGJcLuI
5Szw7p9ifAVy7d07JRYsW5,0JPItniR1C7tjd4ac2R1Vk,66CXWjxzNUsdJxJ2JdwvnR,Ariana Grande,Bad Decisions,226420,12,True,https://open.spotify.com/track/5Szw7p9ifAVy7d07JRYsW5
6uhqt6wYnJ7uaevzHGy8kY,0JPItniR1C7tjd4ac2R1Vk,66CXWjxzNUsdJxJ2JdwvnR,Ariana Grande,Touch It,260006,13,False,https://open.spotify.com/track/6uhqt6wYnJ7uaevzHGy8kY
5cjqjeRvbu936DNHQCUdbf,0JPItniR1C7tjd4ac2R1Vk,66CXWjxzNUsdJxJ2JdwvnR,Ariana Grande,Knew Better / Forever Boy,299213,14,False,https://open.spotify.com/track/5cjqjeRvbu936DNHQCUdbf
7LxgJNQ2I4fXteg5WPx4Xj,0JPItniR1C7tjd4ac2R1Vk,66CXWjxzNUsdJxJ2JdwvnR,Ariana Grande,Thinking Bout You,200383,15,True,https://open.spotify.com/track/7LxgJNQ2I4fXteg5WPx4Xj
4oR18wubZXPJ0KAGswv1mx,0JPItniR1C7tjd4ac2R1Vk,66CXWjxzNUsdJxJ2JdwvnR,Ariana Grande,Step On Up,180857,16,False,https://open.spotify.com/track/4oR18wubZXPJ0KAGswv1mx
1uQ9UdixMfHCVegHhRTExO,0JPItniR1C7tjd4ac2R1Vk,66CXWjxzNUsdJxJ2JdwvnR,Ariana Grande,Jason's Song (Gave It Away),264626,17,True,https://open.spotify.com/track/1uQ9UdixMfHCVegHhRTExO
789c3DD8obKdAWe1In9Fp5,0JPItniR1C7tjd4ac2R1Vk,66CXWjxzNUsdJxJ2JdwvnR,Ariana Grande,Knew Better Part Two,164772,18,True,https://open.spotify.com/track/789c3DD8obKdAWe1In9Fp5
2OzhQlSqBEmt7hmkYxfT6m,1Mo4aZ8pdj6L1jx8zSwJnt,06HL4z0CvFAxyc27GXpf02,Taylor Swift,Fortnight (feat. Post Malone),228965,1,False,https://open.spotify.com/track/2OzhQlSqBEmt7hmkYxfT6m
3NMrVbIVWT3fPXBj0rNDKG,1Mo4aZ8pdj6L1jx8zSwJnt,06HL4z0CvFAxyc27GXpf02,Taylor Swift,The Tortured Poets Department,293048,2,True,https://open.spotify.com/track/3NMrVbIVWT3fPXBj0rNDKG
2XXwLdtuAcE0HSCu61ijAb,1Mo4aZ8pdj6L1jx8zSwJnt,06HL4z0CvFAxyc27GXpf02,Taylor Swift,My Boy Only Breaks His Favorite Toys,203801,3,False,https://open.spotify.com/track/2XXwLdtuAcE0HSCu61ijAb
2F3N9tdombb64aW6VtZOdo,1Mo4aZ8pdj6L1jx8zSwJnt,06HL4z0CvFAxyc27GXpf02,Taylor Swift,Down Bad,261228,4,True,https://open.spotify.com/track/2F3N9tdombb64aW6VtZOdo
3Vevii7qKqrmW8CcyzBHDl,1Mo4aZ8pdj6L1jx8zSwJnt,06HL4z0CvFAxyc27GXpf02,Taylor Swift,"So Long, London",262974,5,False,https://open.spotify.com/track/3Vevii7qKqrmW8CcyzBHDl
5og4Qzt92jJzVDkOtSEilb,1Mo4aZ8pdj6L1jx8zSwJnt,06HL4z0CvFAxyc27GXpf02,Taylor Swift,But Daddy I Love Him,340428,6,True,https://open.spotify.com/track/5og4Qzt92jJzVDkOtSEilb
3fO566xJgwxIa3qGCGBvIC,1Mo4aZ8pdj6L1jx8zSwJnt,06HL4z0CvFAxyc27GXpf02,Taylor Swift,Fresh Out The Slammer,210789,7,False,https://open.spotify.com/track/3fO566xJgwxIa3qGCGBvIC
3ZVFcD8Wlw9T9klGqmJf9F,1Mo4aZ8pdj6L1jx8zSwJnt,06HL4z0CvFAxyc27GXpf02,Taylor Swift,Florida!!! (feat. Florence + The Machine),215463,8,True,https://open.spotify.com/track/3ZVFcD8Wlw9T9klGqmJf9F
0W0iAC1VGlB82PI6elxFYf,1Mo4aZ8pdj6L1jx8zSwJnt,06HL4z0CvFAxyc27GXpf02,Taylor Swift,Guilty as Sin?,254365,9,False,https://open.spotify.com/track/0W0iAC1VGlB82PI6elxFYf
36t6frENUtCYKuZus6aYDO,1Mo4aZ8pdj6L1jx8zSwJnt,06HL4z0CvFAxyc27GXpf02,Taylor Swift,Who’s Afraid of Little Old Me?,334084,10,False,https://open.spotify.com/track/36t6frENUtCYKuZus6aYDO
2h3MDMf8sd9s4XIzpTBIjX,1Mo4aZ8pdj6L1jx8zSwJnt,06HL4z0CvFAxyc27GXpf02,Taylor Swift,I Can Fix Him (No Really I Can),156297,11,False,https://open.spotify.com/track/2h3MDMf8sd9s4XIzpTBIjX
6RSG1dKPV5gEvILwJb4QtS,1Mo4aZ8pdj6L1jx8zSwJnt,06HL4z0CvFAxyc27GXpf02,Taylor Swift,loml,277156,12,True,https://open.spotify.com/track/6RSG1dKPV5gEvILwJb4QtS
4q5YezDOIPcoLr8R81x9qy,1Mo4aZ8pdj6L1jx8zSwJnt,06HL4z0CvFAxyc27GXpf02,Taylor Swift,I Can Do It With a Broken Heart,218004,13,True,https://open.spotify.com/track/4q5YezDOIPcoLr8R81x9qy
2v1ivOOsgn64g5OywuH55L,1Mo4aZ8pdj6L1jx8zSwJnt,06HL4z0CvFAxyc27GXpf02,Taylor Swift,The Smallest Man Who Ever Lived,245541,14,True,https://open.spotify.com/track/2v1ivOOsgn64g5OywuH55L
1dhMTsEZz6ZEquGvmzVoHn,1Mo4aZ8pdj6L1jx8zSwJnt,06HL4z0CvFAxyc27GXpf02,Taylor Swift,The Alchemy,196900,15,False,https://open.spotify.com/track/1dhMTsEZz6ZEquGvmzVoHn
1UlhrRvYzbHEyugEDspXUB,1Mo4aZ8pdj6L1jx8zSwJnt,06HL4z0CvFAxyc27GXpf02,Taylor Swift,Clara Bow,216662,16,False,https://open.spotify.com/track/1UlhrRvYzbHEyugEDspXUB
6YV2AI87l1n2fzqU8Dyo05,4Q7cRXio6mF2ImVUCcezPO,3TVXtAsR1Inumwj472S9r4,Drake,Virginia Beach,251094,1,True,https://open.spotify.com/track/6YV2AI87l1n2fzqU8Dyo05
59ZmQR4pwCaa5iM3veM7Cs,4Q7cRXio6mF2ImVUCcezPO,3TVXtAsR1Inumwj472S9r4,Drake,Amen (feat. Teezo Touchdown),141212,2,True,https://open.spotify.com/track/59ZmQR4pwCaa5iM3veM7Cs
2R30S0W4JCM9JaQWlpmeWn,4Q7cRXio6mF2ImVUCcezPO,3TVXtAsR1Inumwj472S9r4,Drake,Calling For You (feat. 21 Savage),285630,3,True,https://open.spotify.com/track/2R30S0W4JCM9JaQWlpmeWn
6LFW4dEsLeiGluniXRgVYr,4Q7cRXio6mF2ImVUCcezPO,3TVXtAsR1Inumwj472S9r4,Drake,Fear Of Heights,155154,4,True,https://open.spotify.com/track/6LFW4dEsLeiGluniXRgVYr
1us5wNgZc0YLT8RQQs2Q7L,4Q7cRXio6mF2ImVUCcezPO,3TVXtAsR1Inumwj472S9r4,Drake,Daylight,164142,5,True,https://open.spotify.com/track/1us5wNgZc0YLT8RQQs2Q7L
6xIsHPRHdbzU6UMVFn4wh8,4Q7cRXio6mF2ImVUCcezPO,3TVXtAsR1Inumwj472S9r4,Drake,First Person Shooter (feat. J. Cole),247444,6,True,https://open.spotify.com/track/6xIsHPRHdbzU6UMVFn4wh8
2uvBprdlMpzeN5Bq0PzMBI,4Q7cRXio6mF2ImVUCcezPO,3TVXtAsR1Inumwj472S9r4,Drake,IDGAF (feat. Yeat),260111,7,True,https://open.spotify.com/track/2uvBprdlMpzeN5Bq0PzMBI
0pdMOh52apEWAS1xELJY7Q,4Q7cRXio6mF2ImVUCcezPO,3TVXtAsR1Inumwj472S9r4,Drake,7969 Santa,259846,8,True,https://open.spotify.com/track/0pdMOh52apEWAS1xELJY7Q
4gQBXN2GBRpemMuxg5y3h9,4Q7cRXio6mF2ImVUCcezPO,3TVXtAsR1Inumwj472S9r4,Drake,Slime You Out (feat. SZA),310490,9,True,https://open.spotify.com/track/4gQBXN2GBRpemMuxg5y3h9
3nHat22UwPywIevUrXIhy1,4Q7cRXio6mF2ImVUCcezPO,3TVXtAsR1Inumwj472S9r4,Drake,Bahamas Promises,184089,10,True,https://open.spotify.com/track/3nHat22UwPywIevUrXIhy1
5BTu8L170anjdgSohdBkkv,4Q7cRXio6mF2ImVUCcezPO,3TVXtAsR1Inumwj472S9r4,Drake,Tried Our Best,209990,11,True,https://open.spotify.com/track/5BTu8L170anjdgSohdBkkv
71VKjJjn76sn5Tt8X8Ay8c,4Q7cRXio6mF2ImVUCcezPO,3TVXtAsR1Inumwj472S9r4,Drake,Screw The World - Interlude,112093,12,True,https://open.spotify.com/track/71VKjJjn76sn5Tt8X8Ay8c
7jKNxYzPFGDWEemcRVebLb,4Q7cRXio6mF2ImVUCcezPO,3TVXtAsR1Inumwj472S9r4,Drake,Drew A Picasso,262768,13,True,https://open.spotify.com/track/7jKNxYzPFGDWEemcRVebLb
7uHF03xE84sQ5PicRNH3yu,4Q7cRXio6mF2ImVUCcezPO,3TVXtAsR1Inumwj472S9r4,Drake,Members Only (feat. PARTYNEXTDOOR),277720,14,True,https://open.spotify.com/track/7uHF03xE84sQ5PicRNH3yu
4e0uZkMYa8e8HJ5TEUN417,4Q7cRXio6mF2ImVUCcezPO,3TVXtAsR1Inumwj472S9r4,Drake,What Would Pluto Do,182998,15,True,https://open.spotify.com/track/4e0uZkMYa8e8HJ5TEUN417
04BF53Rb6LOpDUJG518IqS,4Q7cRXio6mF2ImVUCcezPO,3TVXtAsR1Inumwj472S9r4,Drake,All The Parties (feat. Chief Keef),218611,16,True,https://open.spotify.com/track/04BF53Rb6LOpDUJG518IqS
1dKXBUKx7oCB2UXlkihNn8,4Q7cRXio6mF2ImVUCcezPO,3TVXtAsR1Inumwj472S9r4,Drake,8am in Charlotte,266847,17,True,https://open.spotify.com/track/1dKXBUKx7oCB2UXlkihNn8
4bF4MxTGnNj8dTW0LZmAx5,4Q7cRXio6mF2ImVUCcezPO,3TVXtAsR1Inumwj472S9r4,Drake,BBL Love - Interlude,161363,18,True,https://open.spotify.com/track/4bF4MxTGnNj8dTW0LZmAx5
3BE3IYsAhqkTiRIR7T7x7M,4Q7cRXio6mF2ImVUCcezPO,3TVXtAsR1Inumwj472S9r4,Drake,Gently (feat. Bad Bunny),133694,19,True,https://open.spotify.com/track/3BE3IYsAhqkTiRIR7T7x7M
2DSy4HfDQoBsPPcRSoeM16,4Q7cRXio6mF2ImVUCcezPO,3TVXtAsR1Inumwj472S9r4,Drake,Rich Baby Daddy (feat. Sexyy Red & SZA),319191,20,True,https://open.spotify.com/track/2DSy4HfDQoBsPPcRSoeM16
4u43I0LP2Xf85OAS85eG0R,6Rl6YoCarF2GHPSQmmFjuR,2HPaUgqeutzr3jx5a9WyDV,PARTYNEXTDOOR,CN TOWER,241889,1,True,https://open.spotify.com/track/4u43I0LP2Xf85OAS85eG0R
7DL2F2bueQycqYjqsjHYjG,6Rl6YoCarF2GHPSQmmFjuR,2HPaUgqeutzr3jx5a9WyDV,PARTYNEXTDOOR,MOTH BALLS,212629,2,True,https://open.spotify.com/track/7DL2F2bueQycqYjqsjHYjG
1F6nHHDJyTHLgDDFj1ZZDt,6Rl6YoCarF2GHPSQmmFjuR,2HPaUgqeutzr3jx5a9WyDV,PARTYNEXTDOOR,SOMETHING ABOUT YOU,218682,3,True,https://open.spotify.com/track/1F6nHHDJyTHLgDDFj1ZZDt
5aIEFCKhVUM5sKkwOSdFiM,6Rl6YoCarF2GHPSQmmFjuR,3TVXtAsR1Inumwj472S9r4,Drake,CRYING IN CHANEL,199602,4,True,https://open.spotify.com/track/5aIEFCKhVUM5sKkwOSdFiM
4GqhG9rDuRUoNyDSMJ0Brq,6Rl6YoCarF2GHPSQmmFjuR,2HPaUgqeutzr3jx5a9WyDV,PARTYNEXTDOOR,SPIDER-MAN SUPERMAN,203893,5,True,https://open.spotify.com/track/4GqhG9rDuRUoNyDSMJ0Brq
4JeD0FGslDsMeeahEGZa2L,6Rl6YoCarF2GHPSQmmFjuR,2HPaUgqeutzr3jx5a9WyDV,PARTYNEXTDOOR,DEEPER,172337,6,True,https://open.spotify.com/track/4JeD0FGslDsMeeahEGZa2L
1YHQQFtKqFSFrqL4cNvstU,6Rl6YoCarF2GHPSQmmFjuR,3TVXtAsR1Inumwj472S9r4,Drake,SMALL TOWN FAME,148509,7,True,https://open.spotify.com/track/1YHQQFtKqFSFrqL4cNvstU
3CY3zAjrxKVInh2Lq1QiRb,6Rl6YoCarF2GHPSQmmFjuR,30AbYddXmSkDXhnW6lB0ll,Pimmie,PIMMIE'S DILEMMA,118153,8,False,https://open.spotify.com/track/3CY3zAjrxKVInh2Lq1QiRb
3FHO87BSOEVAsedSnCTnvz,6Rl6YoCarF2GHPSQmmFjuR,3TVXtAsR1Inumwj472S9r4,Drake,BRIAN STEEL,111406,9,True,https://open.spotify.com/track/3FHO87BSOEVAsedSnCTnvz
5Nz7hI3cCOHmMR4vSLJ1An,6Rl6YoCarF2GHPSQmmFjuR,3TVXtAsR1Inumwj472S9r4,Drake,GIMME A HUG,193054,10,True,https://open.spotify.com/track/5Nz7hI3cCOHmMR4vSLJ1An
2xxb5zW09uwbgyLprALi9E,6Rl6YoCarF2GHPSQmmFjuR,3TVXtAsR1Inumwj472S9r4,Drake,RAINING IN HOUSTON,244931,11,True,https://open.spotify.com/track/2xxb5zW09uwbgyLprALi9E
2vjFTjmvpFjFM01cNdG2ik,6Rl6YoCarF2GHPSQmmFjuR,2HPaUgqeutzr3jx5a9WyDV,PARTYNEXTDOOR,LASERS,198692,12,True,https://open.spotify.com/track/2vjFTjmvpFjFM01cNdG2ik
0o5p5zzRN84q6qVbOVONPM,6Rl6YoCarF2GHPSQmmFjuR,2HPaUgqeutzr3jx5a9WyDV,PARTYNEXTDOOR,MEET YOUR PADRE,271058,13,False,https://open.spotify.com/track/0o5p5zzRN84q6qVbOVONPM
2u9S9JJ6hTZS3Vf22HOZKg,6Rl6YoCarF2GHPSQmmFjuR,3TVXtAsR1Inumwj472S9r4,Drake,NOKIA,241023,14,True,https://open.spotify.com/track/2u9S9JJ6hTZS3Vf22HOZKg
0NUqi0ps17YpLUC3kgsZq0,6Rl6YoCarF2GHPSQmmFjuR,2HPaUgqeutzr3jx5a9WyDV,PARTYNEXTDOOR,DIE TRYING,195431,15,True,https://open.spotify.com/track/0NUqi0ps17YpLUC3kgsZq0
2kZoOj1n5vk9BuF0sih58M,6Rl6YoCarF2GHPSQmmFjuR,2HPaUgqeutzr3jx5a9WyDV,PARTYNEXTDOOR,SOMEBODY LOVES ME,182767,16,True,https://open.spotify.com/track/2kZoOj1n5vk9BuF0sih58M
578CwfxpfH2HxlENOCHc2n,6Rl6YoCarF2GHPSQmmFjuR,2HPaUgqeutzr3jx5a9WyDV,PARTYNEXTDOOR,CELIBACY,235620,17,True,https://open.spotify.com/track/578CwfxpfH2HxlENOCHc2n
775a936b2Vzl3fw86FaVat,6Rl6YoCarF2GHPSQmmFjuR,2HPaUgqeutzr3jx5a9WyDV,PARTYNEXTDOOR,OMW,233030,18,True,https://open.spotify.com/track/775a936b2Vzl3fw86FaVat
1mKNJs35ede94bTPWveVOo,6Rl6YoCarF2GHPSQmmFjuR,2HPaUgqeutzr3jx5a9WyDV,PARTYNEXTDOOR,GLORIOUS,205082,19,True,https://open.spotify.com/track/1mKNJs35ede94bTPWveVOo
6mmPe3Y3SEtYb9HZsHTyrj,6Rl6YoCarF2GHPSQmmFjuR,2HPaUgqeutzr3jx5a9WyDV,PARTYNEXTDOOR,WHEN HE'S GONE,209836,20,True,https://open.spotify.com/track/6mmPe3Y3SEtYb9HZsHTyrj
5y2ijHECwFYWqcAHKTZgzD,7vI4iTxDmgEN63liQHPEX1,0du5cEVh5yTK9QJze8zA0C,Bruno Mars,Risk It All,204068,1,False,https://open.spotify.com/track/5y2ijHECwFYWqcAHKTZgzD
6QletrrmpkUpeJkipX9pgf,7vI4iTxDmgEN63liQHPEX1,0du5cEVh5yTK9QJze8zA0C,Bruno Mars,Cha Cha Cha,236559,2,False,https://open.spotify.com/track/6QletrrmpkUpeJkipX9pgf
6f68Ac5tt5BQOpwr0BV9oN,7vI4iTxDmgEN63liQHPEX1,0du5cEVh5yTK9QJze8zA0C,Bruno Mars,I Just Might,212973,3,False,https://open.spotify.com/track/6f68Ac5tt5BQOpwr0BV9oN
1sVBT215CDmVJvfy1E2OCU,7vI4iTxDmgEN63liQHPEX1,0du5cEVh5yTK9QJze8zA0C,Bruno Mars,God Was Showing Off,211063,4,False,https://open.spotify.com/track/1sVBT215CDmVJvfy1E2OCU
3Ac4AjYkqsvop2ydbSAhTX,7vI4iTxDmgEN63liQHPEX1,0du5cEVh5yTK9QJze8zA0C,Bruno Mars,Why You Wanna Fight?,254360,5,False,https://open.spotify.com/track/3Ac4AjYkqsvop2ydbSAhTX
4i4BVY2JiH4mDSLIBdNGKD,7vI4iTxDmgEN63liQHPEX1,0du5cEVh5yTK9QJze8zA0C,Bruno Mars,On My Soul,174676,6,False,https://open.spotify.com/track/4i4BVY2JiH4mDSLIBdNGKD
0PV4VQCmE6Ujssr1bnswdF,7vI4iTxDmgEN63liQHPEX1,0du5cEVh5yTK9QJze8zA0C,Bruno Mars,Something Serious,166458,7,False,https://open.spotify.com/track/0PV4VQCmE6Ujssr1bnswdF
0Sq6JK9kyC4MQa3KrJj5CB,7vI4iTxDmgEN63liQHPEX1,0du5cEVh5yTK9QJze8zA0C,Bruno Mars,Nothing Left,214748,8,False,https://open.spotify.com/track/0Sq6JK9kyC4MQa3KrJj5CB
1myZ6GQewhAzMH2dKtKSWK,7vI4iTxDmgEN63liQHPEX1,0du5cEVh5yTK9QJze8zA0C,Bruno Mars,Dance With Me,219287,9,False,https://open.spotify.com/track/1myZ6GQewhAzMH2dKtKSWK
0lok0VDJn0zRvHLBCITSSw,2k4FmEtXR0WiDW0Ac2QArT,66CXWjxzNUsdJxJ2JdwvnR,Ariana Grande,kiss me,219584,1,False,https://open.spotify.com/track/0lok0VDJn0zRvHLBCITSSw
3iy2QuCtCzpWnR6tia39AB,2k4FmEtXR0WiDW0Ac2QArT,66CXWjxzNUsdJxJ2JdwvnR,Ariana Grande,hate that i made you love me,197949,2,False,https://open.spotify.com/track/3iy2QuCtCzpWnR6tia39AB
70pVCVMGjmIWPbWXDwf11e,2k4FmEtXR0WiDW0Ac2QArT,66CXWjxzNUsdJxJ2JdwvnR,Ariana Grande,petal,184248,3,True,https://open.spotify.com/track/70pVCVMGjmIWPbWXDwf11e
0QltPqkR4dnhbINyBOU5SY,2k4FmEtXR0WiDW0Ac2QArT,66CXWjxzNUsdJxJ2JdwvnR,Ariana Grande,stay,148420,4,False,https://open.spotify.com/track/0QltPqkR4dnhbINyBOU5SY
5DZOKNtaoVEssXu9ltcMjx,2k4FmEtXR0WiDW0Ac2QArT,66CXWjxzNUsdJxJ2JdwvnR,Ariana Grande,oh well,196166,5,False,https://open.spotify.com/track/5DZOKNtaoVEssXu9ltcMjx
6MFSqc8pzXlwfzXqWZEKd4,2k4FmEtXR0WiDW0Ac2QArT,66CXWjxzNUsdJxJ2JdwvnR,Ariana Grande,big feelings,173622,6,True,https://open.spotify.com/track/6MFSqc8pzXlwfzXqWZEKd4
6QhsCYcFdfyMbPWCiViI8K,2k4FmEtXR0WiDW0Ac2QArT,66CXWjxzNUsdJxJ2JdwvnR,Ariana Grande,freak,199809,7,True,https://open.spotify.com/track/6QhsCYcFdfyMbPWCiViI8K
0cJRr7kw5FkV5e8ejEB2j6,2k4FmEtXR0WiDW0Ac2QArT,66CXWjxzNUsdJxJ2JdwvnR,Ariana Grande,warning signs (interlude),77342,8,False,https://open.spotify.com/track/0cJRr7kw5FkV5e8ejEB2j6
3d1oTMjtfVySbAYQp3v4MU,2k4FmEtXR0WiDW0Ac2QArT,66CXWjxzNUsdJxJ2JdwvnR,Ariana Grande,like i do,167333,9,True,https://open.spotify.com/track/3d1oTMjtfVySbAYQp3v4MU
55srcWA7TioKV0LZVNXltY,2k4FmEtXR0WiDW0Ac2QArT,66CXWjxzNUsdJxJ2JdwvnR,Ariana Grande,never get over me,228857,10,True,https://open.spotify.com/track/55srcWA7TioKV0LZVNXltY
4zmXWmILSBkn7gTvIyCiNi,2k4FmEtXR0WiDW0Ac2QArT,66CXWjxzNUsdJxJ2JdwvnR,Ariana Grande,bad thing (bunny hop),208024,11,True,https://open.spotify.com/track/4zmXWmILSBkn7gTvIyCiNi
5JbnupagBhD0AanbkCELdH,2k4FmEtXR0WiDW0Ac2QArT,66CXWjxzNUsdJxJ2JdwvnR,Ariana Grande,"nowhere, nobody",172001,12,False,https://open.spotify.com/track/5JbnupagBhD0AanbkCELdH
0rQtoQXQfwpDW0c7Fw1NeM,0S0KGZnfBGSIssfF54WSJh,6qqNVTkY8uBg9cP3Jd7DAH,Billie Eilish,!!!!!!!,13578,1,False,https://open.spotify.com/track/0rQtoQXQfwpDW0c7Fw1NeM
2Fxmhks0bxGSBdJ92vM42m,0S0KGZnfBGSIssfF54WSJh,6qqNVTkY8uBg9cP3Jd7DAH,Billie Eilish,bad guy,194087,2,False,https://open.spotify.com/track/2Fxmhks0bxGSBdJ92vM42m
4QIo4oxwzzafcBWkKjDpXY,0S0KGZnfBGSIssfF54WSJh,6qqNVTkY8uBg9cP3Jd7DAH,Billie Eilish,xanny,243725,3,False,https://open.spotify.com/track/4QIo4oxwzzafcBWkKjDpXY
3XF5xLJHOQQRbWya6hBp7d,0S0KGZnfBGSIssfF54WSJh,6qqNVTkY8uBg9cP3Jd7DAH,Billie Eilish,you should see me in a crown,180952,4,False,https://open.spotify.com/track/3XF5xLJHOQQRbWya6hBp7d
6IRdLKIyS4p7XNiP8r6rsx,0S0KGZnfBGSIssfF54WSJh,6qqNVTkY8uBg9cP3Jd7DAH,Billie Eilish,all the good girls go to hell,168839,5,False,https://open.spotify.com/track/6IRdLKIyS4p7XNiP8r6rsx
3Fj47GNK2kUF0uaEDgXLaD,0S0KGZnfBGSIssfF54WSJh,6qqNVTkY8uBg9cP3Jd7DAH,Billie Eilish,wish you were gay,221543,6,False,https://open.spotify.com/track/3Fj47GNK2kUF0uaEDgXLaD
43zdsphuZLzwA9k4DJhU0I,0S0KGZnfBGSIssfF54WSJh,6qqNVTkY8uBg9cP3Jd7DAH,Billie Eilish,when the party's over,196077,7,False,https://open.spotify.com/track/43zdsphuZLzwA9k4DJhU0I
6X29iaaazwho3ab7GNue5r,0S0KGZnfBGSIssfF54WSJh,6qqNVTkY8uBg9cP3Jd7DAH,Billie Eilish,8,173201,8,False,https://open.spotify.com/track/6X29iaaazwho3ab7GNue5r
3Tc57t9l2O8FwQZtQOvPXK,0S0KGZnfBGSIssfF54WSJh,6qqNVTkY8uBg9cP3Jd7DAH,Billie Eilish,my strange addiction,179889,9,False,https://open.spotify.com/track/3Tc57t9l2O8FwQZtQOvPXK
4SSnFejRGlZikf02HLewEF,0S0KGZnfBGSIssfF54WSJh,6qqNVTkY8uBg9cP3Jd7DAH,Billie Eilish,bury a friend,193143,10,False,https://open.spotify.com/track/4SSnFejRGlZikf02HLewEF
7qEKqBCD2vE5vIBsrUitpD,0S0KGZnfBGSIssfF54WSJh,6qqNVTkY8uBg9cP3Jd7DAH,Billie Eilish,ilomilo,156370,11,False,https://open.spotify.com/track/7qEKqBCD2vE5vIBsrUitpD
0tMSssfxAL2oV8Vri0mFHE,0S0KGZnfBGSIssfF54WSJh,6qqNVTkY8uBg9cP3Jd7DAH,Billie Eilish,listen before i go,242652,12,False,https://open.spotify.com/track/0tMSssfxAL2oV8Vri0mFHE
6CcJMwBtXByIz4zQLzFkKc,0S0KGZnfBGSIssfF54WSJh,6qqNVTkY8uBg9cP3Jd7DAH,Billie Eilish,i love you,291796,13,False,https://open.spotify.com/track/6CcJMwBtXByIz4zQLzFkKc
3LgWsmilsrWXiPYQFRD0T7,0S0KGZnfBGSIssfF54WSJh,6qqNVTkY8uBg9cP3Jd7DAH,Billie Eilish,goodbye,119409,14,False,https://open.spotify.com/track/3LgWsmilsrWXiPYQFRD0T7
55wlsNYqcfiQsHuX8l0jmF,0OAv7DCME2AV4q1KPO95HY,3TVXtAsR1Inumwj472S9r4,Drake,Make Them Cry,307681,1,True,https://open.spotify.com/track/55wlsNYqcfiQsHuX8l0jmF
4eE16RJFDKf2WxBTqqfylu,0OAv7DCME2AV4q1KPO95HY,3TVXtAsR1Inumwj472S9r4,Drake,Dust,189217,2,True,https://open.spotify.com/track/4eE16RJFDKf2WxBTqqfylu
7KGHenqXZofXNm5MKDbT3J,0OAv7DCME2AV4q1KPO95HY,3TVXtAsR1Inumwj472S9r4,Drake,Whisper My Name,222580,3,True,https://open.spotify.com/track/7KGHenqXZofXNm5MKDbT3J
514joG57v4yKTsfQmz7stz,0OAv7DCME2AV4q1KPO95HY,3TVXtAsR1Inumwj472S9r4,Drake,Janice STFU,237344,4,True,https://open.spotify.com/track/514joG57v4yKTsfQmz7stz
3DK90400cDlV5WUJPraMph,0OAv7DCME2AV4q1KPO95HY,3TVXtAsR1Inumwj472S9r4,Drake,Ran To Atlanta (feat. Future & Molly Santana),247183,5,True,https://open.spotify.com/track/3DK90400cDlV5WUJPraMph
6vjpQIdABqntoe3zPazPec,0OAv7DCME2AV4q1KPO95HY,3TVXtAsR1Inumwj472S9r4,Drake,Shabang,188722,6,True,https://open.spotify.com/track/6vjpQIdABqntoe3zPazPec
57rkFdhoKjgkg16fsS4pgg,0OAv7DCME2AV4q1KPO95HY,3TVXtAsR1Inumwj472S9r4,Drake,Make Them Pay,301950,7,True,https://open.spotify.com/track/57rkFdhoKjgkg16fsS4pgg
1ijYk2EYwj0rGqYwtjiAUJ,0OAv7DCME2AV4q1KPO95HY,3TVXtAsR1Inumwj472S9r4,Drake,Burning Bridges,225990,8,True,https://open.spotify.com/track/1ijYk2EYwj0rGqYwtjiAUJ
393OFJFZKIIv66JmJcNm9D,0OAv7DCME2AV4q1KPO95HY,3TVXtAsR1Inumwj472S9r4,Drake,National Treasures,200830,9,True,https://open.spotify.com/track/393OFJFZKIIv66JmJcNm9D
4ygJHbpMGwZknVFaRikdFr,0OAv7DCME2AV4q1KPO95HY,3TVXtAsR1Inumwj472S9r4,Drake,B's On The Table (feat. 21 Savage),137647,10,True,https://open.spotify.com/track/4ygJHbpMGwZknVFaRikdFr
7oDbkGSI3IRzKmhrTiQdID,0OAv7DCME2AV4q1KPO95HY,3TVXtAsR1Inumwj472S9r4,Drake,What Did I Miss?,194324,11,True,https://open.spotify.com/track/7oDbkGSI3IRzKmhrTiQdID
3cLCA9LSb6UiOeNvTZoaav,0OAv7DCME2AV4q1KPO95HY,3TVXtAsR1Inumwj472S9r4,Drake,Plot Twist,195678,12,True,https://open.spotify.com/track/3cLCA9LSb6UiOeNvTZoaav
7COiiObIVJIdBcW3J43Iy2,0OAv7DCME2AV4q1KPO95HY,3TVXtAsR1Inumwj472S9r4,Drake,2 Hard 4 The Radio,183500,13,True,https://open.spotify.com/track/7COiiObIVJIdBcW3J43Iy2
73ycOMnODtUc2Ggj6EfCpO,0OAv7DCME2AV4q1KPO95HY,3TVXtAsR1Inumwj472S9r4,Drake,Make Them Remember,323712,14,True,https://open.spotify.com/track/73ycOMnODtUc2Ggj6EfCpO
2XcmjSdYqdhFjyWFdbnBaY,0OAv7DCME2AV4q1KPO95HY,3TVXtAsR1Inumwj472S9r4,Drake,Little Birdie,176541,15,True,https://open.spotify.com/track/2XcmjSdYqdhFjyWFdbnBaY
6cYGpGmnMeK9qWhRpaZOZ5,0OAv7DCME2AV4q1KPO95HY,3TVXtAsR1Inumwj472S9r4,Drake,Don’t Worry,246417,16,True,https://open.spotify.com/track/6cYGpGmnMeK9qWhRpaZOZ5
3rssNOLucK9fzsRcKonhYu,0OAv7DCME2AV4q1KPO95HY,3TVXtAsR1Inumwj472S9r4,Drake,Firm Friends,302391,17,True,https://open.spotify.com/track/3rssNOLucK9fzsRcKonhYu
1xO3PpGchMqMmmF6OEtH5Y,0OAv7DCME2AV4q1KPO95HY,3TVXtAsR1Inumwj472S9r4,Drake,Make Them Know,248285,18,True,https://open.spotify.com/track/1xO3PpGchMqMmmF6OEtH5Y
76yLBykniz0SSNv0jj17M2,35dut3ICqF3NEDkjxfzJJ1,1Xyo4u8uXC1ZmMpatF05PJ,The Weeknd,Starboy (feat. Daft Punk),230461,1,True,https://open.spotify.com/track/76yLBykniz0SSNv0jj17M2
6fSvz9yrQY407xmr7cdjuA,35dut3ICqF3NEDkjxfzJJ1,1Xyo4u8uXC1ZmMpatF05PJ,The Weeknd,Party Monster,249207,2,True,https://open.spotify.com/track/6fSvz9yrQY407xmr7cdjuA
4k47x4UkxG215nFLMFna8A,35dut3ICqF3NEDkjxfzJJ1,1Xyo4u8uXC1ZmMpatF05PJ,The Weeknd,False Alarm,220308,3,False,https://open.spotify.com/track/4k47x4UkxG215nFLMFna8A
4zHa39io9pjsiAE6LwM2NH,35dut3ICqF3NEDkjxfzJJ1,1Xyo4u8uXC1ZmMpatF05PJ,The Weeknd,Reminder,218879,4,True,https://open.spotify.com/track/4zHa39io9pjsiAE6LwM2NH
3mynPhglTz2Ggh8SxA34kR,35dut3ICqF3NEDkjxfzJJ1,1Xyo4u8uXC1ZmMpatF05PJ,The Weeknd,Rockin’,232881,5,True,https://open.spotify.com/track/3mynPhglTz2Ggh8SxA34kR
36K5mnqwfxGS0rvxz7FPyq,35dut3ICqF3NEDkjxfzJJ1,1Xyo4u8uXC1ZmMpatF05PJ,The Weeknd,Secrets,265607,6,False,https://open.spotify.com/track/36K5mnqwfxGS0rvxz7FPyq
2QRvliBEcGIEgTrjVfxmXo,35dut3ICqF3NEDkjxfzJJ1,1Xyo4u8uXC1ZmMpatF05PJ,The Weeknd,True Colors,206034,7,False,https://open.spotify.com/track/2QRvliBEcGIEgTrjVfxmXo
3CktmDvZGj21m3pNFj5Lr3,35dut3ICqF3NEDkjxfzJJ1,1Xyo4u8uXC1ZmMpatF05PJ,The Weeknd,Stargirl Interlude (feat. Lana Del Rey),111611,8,False,https://open.spotify.com/track/3CktmDvZGj21m3pNFj5Lr3
3r5lHFACTti0w2REN5tcrn,35dut3ICqF3NEDkjxfzJJ1,1Xyo4u8uXC1ZmMpatF05PJ,The Weeknd,Sidewalks (feat. Kendrick Lamar),231357,9,True,https://open.spotify.com/track/3r5lHFACTti0w2REN5tcrn
4QYEtbfsqusrXN5A49LG53,35dut3ICqF3NEDkjxfzJJ1,1Xyo4u8uXC1ZmMpatF05PJ,The Weeknd,Six Feet Under,237576,10,True,https://open.spotify.com/track/4QYEtbfsqusrXN5A49LG53
5ejT19NfiINj4cFmjRHwAC,35dut3ICqF3NEDkjxfzJJ1,1Xyo4u8uXC1ZmMpatF05PJ,The Weeknd,Love To Lay,223301,11,False,https://open.spotify.com/track/5ejT19NfiINj4cFmjRHwAC
5HFQB9ENLGBHTci7xPmLk6,35dut3ICqF3NEDkjxfzJJ1,1Xyo4u8uXC1ZmMpatF05PJ,The Weeknd,A Lonely Night,220170,12,False,https://open.spotify.com/track/5HFQB9ENLGBHTci7xPmLk6
2DsrtZoRxeHdCSGRlQVQtj,35dut3ICqF3NEDkjxfzJJ1,1Xyo4u8uXC1ZmMpatF05PJ,The Weeknd,Attention,197649,13,True,https://open.spotify.com/track/2DsrtZoRxeHdCSGRlQVQtj
09mBPwUMt1TXNtneqvmZZ5,35dut3ICqF3NEDkjxfzJJ1,1Xyo4u8uXC1ZmMpatF05PJ,The Weeknd,Ordinary Life,221913,14,False,https://open.spotify.com/track/09mBPwUMt1TXNtneqvmZZ5
3iPmwJh56xbDF7Xduimf0d,35dut3ICqF3NEDkjxfzJJ1,1Xyo4u8uXC1ZmMpatF05PJ,The Weeknd,Nothing Without You,198654,15,False,https://open.spotify.com/track/3iPmwJh56xbDF7Xduimf0d
3Xz0rSC29WbaobyJQfeYsp,35dut3ICqF3NEDkjxfzJJ1,1Xyo4u8uXC1ZmMpatF05PJ,The Weeknd,All I Know (feat. Future),321031,16,True,https://open.spotify.com/track/3Xz0rSC29WbaobyJQfeYsp
0awWj9Wzj375IL5etqa1Dk,35dut3ICqF3NEDkjxfzJJ1,1Xyo4u8uXC1ZmMpatF05PJ,The Weeknd,Die For You,260255,17,False,https://open.spotify.com/track/0awWj9Wzj375IL5etqa1Dk
0yi180gAOIJhcRo7wY4Htl,35dut3ICqF3NEDkjxfzJJ1,1Xyo4u8uXC1ZmMpatF05PJ,The Weeknd,I Feel It Coming (feat. Daft Punk),269176,18,False,https://open.spotify.com/track/0yi180gAOIJhcRo7wY4Htl
4W4fNrZYkobj539TOWsLO2,35dut3ICqF3NEDkjxfzJJ1,1Xyo4u8uXC1ZmMpatF05PJ,The Weeknd,Die For You (with Ariana Grande) - Remix,232857,19,False,https://open.spotify.com/track/4W4fNrZYkobj539TOWsLO2
3DCc4HPrVukBeaDGe3Cosk,35dut3ICqF3NEDkjxfzJJ1,1Xyo4u8uXC1ZmMpatF05PJ,The Weeknd,Starboy (feat. Daft Punk) - Kygo Remix,244720,20,True,https://open.spotify.com/track/3DCc4HPrVukBeaDGe3Cosk
6HZf0s8L9KlxkolS0AvFcH,0XY0qeZ7czMgtb340QJRxK,6M2wZ9GZgrQXHCFfjv46we,Dua Lipa,End Of An Era - Extended,276437,1,False,https://open.spotify.com/track/6HZf0s8L9KlxkolS0AvFcH
5EfQP21Bj94Oxo4LVFYIHG,0XY0qeZ7czMgtb340QJRxK,6M2wZ9GZgrQXHCFfjv46we,Dua Lipa,Houdini - Extended,353808,2,False,https://open.spotify.com/track/5EfQP21Bj94Oxo4LVFYIHG
0XtsipMfiraE0ki8S8Bfcg,0XY0qeZ7czMgtb340QJRxK,6M2wZ9GZgrQXHCFfjv46we,Dua Lipa,Training Season - Extended,295870,3,False,https://open.spotify.com/track/0XtsipMfiraE0ki8S8Bfcg
23Su4yGZvZX3XBAZnnG0TX,0XY0qeZ7czMgtb340QJRxK,6M2wZ9GZgrQXHCFfjv46we,Dua Lipa,These Walls - Extended,340309,4,True,https://open.spotify.com/track/23Su4yGZvZX3XBAZnnG0TX
3exG0r6iU0x8q4ABieVVs3,0XY0qeZ7czMgtb340QJRxK,6M2wZ9GZgrQXHCFfjv46we,Dua Lipa,Whatcha Doing - Extended,307896,5,False,https://open.spotify.com/track/3exG0r6iU0x8q4ABieVVs3
5aschHXN1ztZlVVANgupbb,0XY0qeZ7czMgtb340QJRxK,6M2wZ9GZgrQXHCFfjv46we,Dua Lipa,French Exit - Extended,317764,6,False,https://open.spotify.com/track/5aschHXN1ztZlVVANgupbb
40ull4neHkkNScYJlpYreD,0XY0qeZ7czMgtb340QJRxK,6M2wZ9GZgrQXHCFfjv46we,Dua Lipa,Illusion - Extended,263840,7,False,https://open.spotify.com/track/40ull4neHkkNScYJlpYreD
0bd3dl4O6gHWegC3XK1EfD,0XY0qeZ7czMgtb340QJRxK,6M2wZ9GZgrQXHCFfjv46we,Dua Lipa,Falling Forever - Extended,371098,8,False,https://open.spotify.com/track/0bd3dl4O6gHWegC3XK1EfD
21nvGZvu4psZJ27O5LY1vb,0XY0qeZ7czMgtb340QJRxK,6M2wZ9GZgrQXHCFfjv46we,Dua Lipa,Anything For Love - Extended,240116,9,False,https://open.spotify.com/track/21nvGZvu4psZJ27O5LY1vb
6DMFoxCqbZ9CP7GJ8H3PXj,0XY0qeZ7czMgtb340QJRxK,6M2wZ9GZgrQXHCFfjv46we,Dua Lipa,Maria - Extended,305822,10,False,https://open.spotify.com/track/6DMFoxCqbZ9CP7GJ8H3PXj
3n1JuU7NMc1Emcw7qprgYl,0XY0qeZ7czMgtb340QJRxK,6M2wZ9GZgrQXHCFfjv46we,Dua Lipa,Happy For You - Extended,356604,11,False,https://open.spotify.com/track/3n1JuU7NMc1Emcw7qprgYl
6dODwocEuGzHAavXqTbwHv,5H7ixXZfsNMGbIE5OBSpcb,06HL4z0CvFAxyc27GXpf02,Taylor Swift,Fortnight (feat. Post Malone),228965,1,False,https://open.spotify.com/track/6dODwocEuGzHAavXqTbwHv
4PdLaGZubp4lghChqp8erB,5H7ixXZfsNMGbIE5OBSpcb,06HL4z0CvFAxyc27GXpf02,Taylor Swift,The Tortured Poets Department,293048,2,True,https://open.spotify.com/track/4PdLaGZubp4lghChqp8erB
7uGYWMwRy24dm7RUDDhUlD,5H7ixXZfsNMGbIE5OBSpcb,06HL4z0CvFAxyc27GXpf02,Taylor Swift,My Boy Only Breaks His Favorite Toys,203801,3,False,https://open.spotify.com/track/7uGYWMwRy24dm7RUDDhUlD
1kbEbBdEgQdQeLXCJh28pJ,5H7ixXZfsNMGbIE5OBSpcb,06HL4z0CvFAxyc27GXpf02,Taylor Swift,Down Bad,261228,4,True,https://open.spotify.com/track/1kbEbBdEgQdQeLXCJh28pJ
7wAkQFShJ27V8362MqevQr,5H7ixXZfsNMGbIE5OBSpcb,06HL4z0CvFAxyc27GXpf02,Taylor Swift,"So Long, London",262974,5,False,https://open.spotify.com/track/7wAkQFShJ27V8362MqevQr
4QMgEffJQuKtjCNvqfRZ0m,5H7ixXZfsNMGbIE5OBSpcb,06HL4z0CvFAxyc27GXpf02,Taylor Swift,But Daddy I Love Him,340428,6,True,https://open.spotify.com/track/4QMgEffJQuKtjCNvqfRZ0m
7IWcDWOfiooH5hRs9XOVYz,5H7ixXZfsNMGbIE5OBSpcb,06HL4z0CvFAxyc27GXpf02,Taylor Swift,Fresh Out The Slammer,210789,7,False,https://open.spotify.com/track/7IWcDWOfiooH5hRs9XOVYz
5ExOm0dh4NyRyAdSAO9hyM,5H7ixXZfsNMGbIE5OBSpcb,06HL4z0CvFAxyc27GXpf02,Taylor Swift,Florida!!! (feat. Florence + The Machine),215463,8,True,https://open.spotify.com/track/5ExOm0dh4NyRyAdSAO9hyM
799KrpEbhZp0MHeiA8YK9P,5H7ixXZfsNMGbIE5OBSpcb,06HL4z0CvFAxyc27GXpf02,Taylor Swift,Guilty as Sin?,254365,9,False,https://open.spotify.com/track/799KrpEbhZp0MHeiA8YK9P
2d8UxVNhJinc8uat9PoM9y,5H7ixXZfsNMGbIE5OBSpcb,06HL4z0CvFAxyc27GXpf02,Taylor Swift,Who’s Afraid of Little Old Me?,334084,10,False,https://open.spotify.com/track/2d8UxVNhJinc8uat9PoM9y
5chnRTB9qMK3W1M41SnU9s,5H7ixXZfsNMGbIE5OBSpcb,06HL4z0CvFAxyc27GXpf02,Taylor Swift,I Can Fix Him (No Really I Can),156297,11,False,https://open.spotify.com/track/5chnRTB9qMK3W1M41SnU9s
3YkNIrAvbKNrrwwEd7NVLl,5H7ixXZfsNMGbIE5OBSpcb,06HL4z0CvFAxyc27GXpf02,Taylor Swift,loml,277156,12,True,https://open.spotify.com/track/3YkNIrAvbKNrrwwEd7NVLl
2fPvQfGQEZOKtJ9qXeL4x8,5H7ixXZfsNMGbIE5OBSpcb,06HL4z0CvFAxyc27GXpf02,Taylor Swift,I Can Do It With a Broken Heart,218004,13,True,https://open.spotify.com/track/2fPvQfGQEZOKtJ9qXeL4x8
1xtw1krCR6Dw2KwkXw5z63,5H7ixXZfsNMGbIE5OBSpcb,06HL4z0CvFAxyc27GXpf02,Taylor Swift,The Smallest Man Who Ever Lived,245541,14,True,https://open.spotify.com/track/1xtw1krCR6Dw2KwkXw5z63
1tuNqJOtRQVHvONR8Lg3MZ,5H7ixXZfsNMGbIE5OBSpcb,06HL4z0CvFAxyc27GXpf02,Taylor Swift,The Alchemy,196900,15,False,https://open.spotify.com/track/1tuNqJOtRQVHvONR8Lg3MZ
4d9PtIEVij9jW5OaLinH66,5H7ixXZfsNMGbIE5OBSpcb,06HL4z0CvFAxyc27GXpf02,Taylor Swift,Clara Bow,216662,16,False,https://open.spotify.com/track/4d9PtIEVij9jW5OaLinH66
62E2nR0od0M5HYxuYLaDz7,5H7ixXZfsNMGbIE5OBSpcb,06HL4z0CvFAxyc27GXpf02,Taylor Swift,The Black Dog,238857,17,True,https://open.spotify.com/track/62E2nR0od0M5HYxuYLaDz7
1kcwpPDQnqEqmezzXdJTCP,5H7ixXZfsNMGbIE5OBSpcb,06HL4z0CvFAxyc27GXpf02,Taylor Swift,imgonnagetyouback,222072,18,False,https://open.spotify.com/track/1kcwpPDQnqEqmezzXdJTCP
4EF6IyONolQy0bIQXm2EmX,5H7ixXZfsNMGbIE5OBSpcb,06HL4z0CvFAxyc27GXpf02,Taylor Swift,The Albatross,183878,19,False,https://open.spotify.com/track/4EF6IyONolQy0bIQXm2EmX
1rmEsOezwf2lmIZTMAO5Ag,5H7ixXZfsNMGbIE5OBSpcb,06HL4z0CvFAxyc27GXpf02,Taylor Swift,Chloe or Sam or Sophia or Marcus,213281,20,False,https://open.spotify.com/track/1rmEsOezwf2lmIZTMAO5Ag
6krYS8KtmNAYyb5uTZiYW4,2nLOHgzXzwFEpl62zAgCEC,1Xyo4u8uXC1ZmMpatF05PJ,The Weeknd,Dawn FM,96240,1,False,https://open.spotify.com/track/6krYS8KtmNAYyb5uTZiYW4
3KyKxJ4P3pVCgaZwaq2rUC,2nLOHgzXzwFEpl62zAgCEC,1Xyo4u8uXC1ZmMpatF05PJ,The Weeknd,Gasoline,212165,2,False,https://open.spotify.com/track/3KyKxJ4P3pVCgaZwaq2rUC
2Ghp894n1laIf2w98VeAOJ,2nLOHgzXzwFEpl62zAgCEC,1Xyo4u8uXC1ZmMpatF05PJ,The Weeknd,How Do I Make You Love Me?,214214,3,False,https://open.spotify.com/track/2Ghp894n1laIf2w98VeAOJ
2vgUijXOTRMnWXDtvgMp2b,2nLOHgzXzwFEpl62zAgCEC,1Xyo4u8uXC1ZmMpatF05PJ,The Weeknd,Take My Breath,339023,4,False,https://open.spotify.com/track/2vgUijXOTRMnWXDtvgMp2b
1nH2PkJL1XoUq8oE6tBZoU,2nLOHgzXzwFEpl62zAgCEC,1Xyo4u8uXC1ZmMpatF05PJ,The Weeknd,Sacrifice,188918,5,True,https://open.spotify.com/track/1nH2PkJL1XoUq8oE6tBZoU
759ndr57jb0URg4j9YSWml,2nLOHgzXzwFEpl62zAgCEC,1Xyo4u8uXC1ZmMpatF05PJ,The Weeknd,A Tale By Quincy,96232,6,True,https://open.spotify.com/track/759ndr57jb0URg4j9YSWml
2SLwbpExuoBDZBpjfefCtV,2nLOHgzXzwFEpl62zAgCEC,1Xyo4u8uXC1ZmMpatF05PJ,The Weeknd,Out of Time,214193,7,False,https://open.spotify.com/track/2SLwbpExuoBDZBpjfefCtV
1NhjYYcYTRywc0di98xHxf,2nLOHgzXzwFEpl62zAgCEC,1Xyo4u8uXC1ZmMpatF05PJ,The Weeknd,"Here We Go… Again (feat. Tyler, the Creator)",209777,8,True,https://open.spotify.com/track/1NhjYYcYTRywc0di98xHxf
1E5Xu8dur0fAjSP1VpVhAZ,2nLOHgzXzwFEpl62zAgCEC,1Xyo4u8uXC1ZmMpatF05PJ,The Weeknd,Best Friends,163504,9,False,https://open.spotify.com/track/1E5Xu8dur0fAjSP1VpVhAZ
0mL82sxCRjrs3br407IdJh,2nLOHgzXzwFEpl62zAgCEC,1Xyo4u8uXC1ZmMpatF05PJ,The Weeknd,Is There Someone Else?,199111,10,False,https://open.spotify.com/track/0mL82sxCRjrs3br407IdJh
6zzdyvVWjGrQBraSvuqJPY,2nLOHgzXzwFEpl62zAgCEC,1Xyo4u8uXC1ZmMpatF05PJ,The Weeknd,Starry Eyes,148000,11,False,https://open.spotify.com/track/6zzdyvVWjGrQBraSvuqJPY
3vJcz8exedHCjQ9ed95NqU,2nLOHgzXzwFEpl62zAgCEC,1Xyo4u8uXC1ZmMpatF05PJ,The Weeknd,Every Angel is Terrifying,167255,12,False,https://open.spotify.com/track/3vJcz8exedHCjQ9ed95NqU
6a4GH1gljLL7VvmO9u5O92,2nLOHgzXzwFEpl62zAgCEC,1Xyo4u8uXC1ZmMpatF05PJ,The Weeknd,Don’t Break My Heart,205469,13,False,https://open.spotify.com/track/6a4GH1gljLL7VvmO9u5O92
5XbA7TAqsD0fj0dGBrbb0D,2nLOHgzXzwFEpl62zAgCEC,1Xyo4u8uXC1ZmMpatF05PJ,The Weeknd,I Heard You’re Married (feat. Lil Wayne),263641,14,True,https://open.spotify.com/track/5XbA7TAqsD0fj0dGBrbb0D
2D4dV2KXDTszzJ3p3cFqhA,2nLOHgzXzwFEpl62zAgCEC,1Xyo4u8uXC1ZmMpatF05PJ,The Weeknd,Less Than Zero,211814,15,False,https://open.spotify.com/track/2D4dV2KXDTszzJ3p3cFqhA
1NlK2NtpuUazpziLhnJwEV,2nLOHgzXzwFEpl62zAgCEC,1Xyo4u8uXC1ZmMpatF05PJ,The Weeknd,Phantom Regret by Jim,179580,16,False,https://open.spotify.com/track/1NlK2NtpuUazpziLhnJwEV
5Yj7eY0cs6wkGsn5mxy9j1,0LLA5YL3g2UReWlP7nWqGh,53XhwfbYqKCa1cC15pYq2q,Imagine Dragons,Radioactive,186813,1,False,https://open.spotify.com/track/5Yj7eY0cs6wkGsn5mxy9j1
0y9lStf9zPsCiLHV9WDrUv,0LLA5YL3g2UReWlP7nWqGh,53XhwfbYqKCa1cC15pYq2q,Imagine Dragons,Tiptoe,194200,2,False,https://open.spotify.com/track/0y9lStf9zPsCiLHV9WDrUv
3VWFolbrJzoVHgGUFuaW8I,0LLA5YL3g2UReWlP7nWqGh,53XhwfbYqKCa1cC15pYq2q,Imagine Dragons,It's Time,240306,3,False,https://open.spotify.com/track/3VWFolbrJzoVHgGUFuaW8I
5dutmcNWUzaMvPMxK6hqfz,0LLA5YL3g2UReWlP7nWqGh,53XhwfbYqKCa1cC15pYq2q,Imagine Dragons,Demons,177506,4,False,https://open.spotify.com/track/5dutmcNWUzaMvPMxK6hqfz
70smu7ojvXHycIMfw8BSBc,0LLA5YL3g2UReWlP7nWqGh,53XhwfbYqKCa1cC15pYq2q,Imagine Dragons,On Top Of The World,192280,5,False,https://open.spotify.com/track/70smu7ojvXHycIMfw8BSBc
0scgTi9DSWrrKwyXDIn49n,0LLA5YL3g2UReWlP7nWqGh,53XhwfbYqKCa1cC15pYq2q,Imagine Dragons,Amsterdam,241426,6,False,https://open.spotify.com/track/0scgTi9DSWrrKwyXDIn49n
3iUAj0NxZoyN0WD5D7BVVD,0LLA5YL3g2UReWlP7nWqGh,53XhwfbYqKCa1cC15pYq2q,Imagine Dragons,Hear Me,235386,7,False,https://open.spotify.com/track/3iUAj0NxZoyN0WD5D7BVVD
5iJxvcnMtR2JiL8rC5N5gt,0LLA5YL3g2UReWlP7nWqGh,53XhwfbYqKCa1cC15pYq2q,Imagine Dragons,Every Night,217346,8,False,https://open.spotify.com/track/5iJxvcnMtR2JiL8rC5N5gt
2cv40voPdkNkJm690RfKXE,0LLA5YL3g2UReWlP7nWqGh,53XhwfbYqKCa1cC15pYq2q,Imagine Dragons,Bleeding Out,223106,9,False,https://open.spotify.com/track/2cv40voPdkNkJm690RfKXE
2HVRUK7BKcJRND962eDMwK,0LLA5YL3g2UReWlP7nWqGh,53XhwfbYqKCa1cC15pYq2q,Imagine Dragons,Underdog,209440,10,False,https://open.spotify.com/track/2HVRUK7BKcJRND962eDMwK
3yFptysXs0OS6N6brZLAaC,0LLA5YL3g2UReWlP7nWqGh,53XhwfbYqKCa1cC15pYq2q,Imagine Dragons,Nothing Left To Say / Rocks - Medley,539506,11,False,https://open.spotify.com/track/3yFptysXs0OS6N6brZLAaC
1tByBikovzQU6SVRQvBkN8,0LLA5YL3g2UReWlP7nWqGh,53XhwfbYqKCa1cC15pYq2q,Imagine Dragons,Cha-Ching (Till We Grow Older),248693,1,False,https://open.spotify.com/track/1tByBikovzQU6SVRQvBkN8
3uEBqk1He7OF8ATW7mxWT9,0LLA5YL3g2UReWlP7nWqGh,53XhwfbYqKCa1cC15pYq2q,Imagine Dragons,Working Man,235453,2,False,https://open.spotify.com/track/3uEBqk1He7OF8ATW7mxWT9
29Vuv3tN7hh5iNZvE5gbKw,0LLA5YL3g2UReWlP7nWqGh,53XhwfbYqKCa1cC15pYq2q,Imagine Dragons,My Fault,177213,3,False,https://open.spotify.com/track/29Vuv3tN7hh5iNZvE5gbKw
2ANJtvL75cb4BWu7odxpI4,0LLA5YL3g2UReWlP7nWqGh,53XhwfbYqKCa1cC15pYq2q,Imagine Dragons,Round And Round,198146,4,False,https://open.spotify.com/track/2ANJtvL75cb4BWu7odxpI4
20InaCOa8uDk5tV0Q2fQsL,0LLA5YL3g2UReWlP7nWqGh,53XhwfbYqKCa1cC15pYq2q,Imagine Dragons,The River,205133,5,False,https://open.spotify.com/track/20InaCOa8uDk5tV0Q2fQsL
1jyjA1eCRiUvUXtDfhg6dr,0LLA5YL3g2UReWlP7nWqGh,53XhwfbYqKCa1cC15pYq2q,Imagine Dragons,America,274013,6,False,https://open.spotify.com/track/1jyjA1eCRiUvUXtDfhg6dr
59ntsA6JIL16EiuDJunxIz,0LLA5YL3g2UReWlP7nWqGh,53XhwfbYqKCa1cC15pYq2q,Imagine Dragons,Selene,241226,7,False,https://open.spotify.com/track/59ntsA6JIL16EiuDJunxIz
5gGkzgUmXz9RxxEeTgXxik,0LLA5YL3g2UReWlP7nWqGh,53XhwfbYqKCa1cC15pYq2q,Imagine Dragons,Fallen,179360,8,False,https://open.spotify.com/track/5gGkzgUmXz9RxxEeTgXxik
4g8uHvPeL2Fdw2luDG7p40,0LLA5YL3g2UReWlP7nWqGh,53XhwfbYqKCa1cC15pYq2q,Imagine Dragons,Cover Up,260640,9,False,https://open.spotify.com/track/4g8uHvPeL2Fdw2luDG7p40
2kXzKG2G7sJdSiGbQoVSR3,1PcdW0JIneTUJ2BBXiom64,0du5cEVh5yTK9QJze8zA0C,Bruno Mars,Grenade,222091,1,False,https://open.spotify.com/track/2kXzKG2G7sJdSiGbQoVSR3
7fq3UA400281mZWt0CaAzg,1PcdW0JIneTUJ2BBXiom64,0du5cEVh5yTK9QJze8zA0C,Bruno Mars,Just the Way You Are,220734,2,False,https://open.spotify.com/track/7fq3UA400281mZWt0CaAzg
6soHeRiFHmsrXTmBXQyM80,1PcdW0JIneTUJ2BBXiom64,0du5cEVh5yTK9QJze8zA0C,Bruno Mars,Our First Time,243004,3,False,https://open.spotify.com/track/6soHeRiFHmsrXTmBXQyM80
7uCNfdvbvlJpb5ZzKENJPW,1PcdW0JIneTUJ2BBXiom64,0du5cEVh5yTK9QJze8zA0C,Bruno Mars,Runaway Baby,148448,4,False,https://open.spotify.com/track/7uCNfdvbvlJpb5ZzKENJPW
5jDbytR7OZhR1rIY3kypPQ,1PcdW0JIneTUJ2BBXiom64,0du5cEVh5yTK9QJze8zA0C,Bruno Mars,The Lazy Song,189109,5,False,https://open.spotify.com/track/5jDbytR7OZhR1rIY3kypPQ
3lzz9rlIb4Ye5A3x1o3dhd,1PcdW0JIneTUJ2BBXiom64,0du5cEVh5yTK9QJze8zA0C,Bruno Mars,Marry You,230192,6,False,https://open.spotify.com/track/3lzz9rlIb4Ye5A3x1o3dhd
1W6H5eBvjR9PE34j6h0ao5,1PcdW0JIneTUJ2BBXiom64,0du5cEVh5yTK9QJze8zA0C,Bruno Mars,Talking to the Moon,217866,7,False,https://open.spotify.com/track/1W6H5eBvjR9PE34j6h0ao5
7e7CML1Xr6jdXsGmJ7xCVu,1PcdW0JIneTUJ2BBXiom64,0du5cEVh5yTK9QJze8zA0C,Bruno Mars,Liquor Store Blues (feat. Damian Marley),229383,8,False,https://open.spotify.com/track/7e7CML1Xr6jdXsGmJ7xCVu
1fjlDyRyk0CLbFJkVvXjYb,1PcdW0JIneTUJ2BBXiom64,0du5cEVh5yTK9QJze8zA0C,Bruno Mars,Count on Me,197469,9,False,https://open.spotify.com/track/1fjlDyRyk0CLbFJkVvXjYb
7chsNWUBPFhUinB79CmG78,1PcdW0JIneTUJ2BBXiom64,0du5cEVh5yTK9QJze8zA0C,Bruno Mars,The Other Side (feat. CeeLo Green and B.o.B),228346,10,False,https://open.spotify.com/track/7chsNWUBPFhUinB79CmG78
3BOaRW0hKaOw5RcvA7GtTU,1PcdW0JIneTUJ2BBXiom64,0du5cEVh5yTK9QJze8zA0C,Bruno Mars,Somewhere in Brooklyn,181691,11,False,https://open.spotify.com/track/3BOaRW0hKaOw5RcvA7GtTU
5qEoxSfL3vaSQ0IvZcTPtr,1PcdW0JIneTUJ2BBXiom64,0du5cEVh5yTK9QJze8zA0C,Bruno Mars,Talking to the Moon - Acoustic Piano,217753,12,False,https://open.spotify.com/track/5qEoxSfL3vaSQ0IvZcTPtr
41DHDnlRXQiNJf3GbisIYk,0P6B5R3yRSkhkmequL5Yno,3TVXtAsR1Inumwj472S9r4,Drake,Rusty Intro,62303,1,True,https://open.spotify.com/track/41DHDnlRXQiNJf3GbisIYk
6zZvy88xp6FIjJKhqwnJeQ,0P6B5R3yRSkhkmequL5Yno,3TVXtAsR1Inumwj472S9r4,Drake,WNBA,178082,2,True,https://open.spotify.com/track/6zZvy88xp6FIjJKhqwnJeQ
3nwcQXP0mBmXmlrirQxCkz,0P6B5R3yRSkhkmequL5Yno,3TVXtAsR1Inumwj472S9r4,Drake,Slap The City (feat. Qendresa),202105,3,True,https://open.spotify.com/track/3nwcQXP0mBmXmlrirQxCkz
6vAg7qqbiIrQhQtxPegLw1,0P6B5R3yRSkhkmequL5Yno,3TVXtAsR1Inumwj472S9r4,Drake,High Fives,256783,4,True,https://open.spotify.com/track/6vAg7qqbiIrQhQtxPegLw1
3raBR3SY78nNv4uGEv3CNY,0P6B5R3yRSkhkmequL5Yno,3TVXtAsR1Inumwj472S9r4,Drake,Hurrr Nor Thurr (feat. Sexyy Red),188877,5,True,https://open.spotify.com/track/3raBR3SY78nNv4uGEv3CNY
0SeTP12t4EwBJ6zsjHn9Wa,0P6B5R3yRSkhkmequL5Yno,3TVXtAsR1Inumwj472S9r4,Drake,I'm Spent (feat. Loe Shimmy),144901,6,True,https://open.spotify.com/track/0SeTP12t4EwBJ6zsjHn9Wa
3hZbi8AG14hRw5Skg7V8pl,0P6B5R3yRSkhkmequL5Yno,3TVXtAsR1Inumwj472S9r4,Drake,Classic,179074,7,True,https://open.spotify.com/track/3hZbi8AG14hRw5Skg7V8pl
0s3NwbrNRsUTVJVdBeD5Wa,0P6B5R3yRSkhkmequL5Yno,3TVXtAsR1Inumwj472S9r4,Drake,Gen 5,217438,8,True,https://open.spotify.com/track/0s3NwbrNRsUTVJVdBeD5Wa
6o6cIHT9YvlrUD2bOHo4hB,0P6B5R3yRSkhkmequL5Yno,3TVXtAsR1Inumwj472S9r4,Drake,White Bone,297150,9,True,https://open.spotify.com/track/6o6cIHT9YvlrUD2bOHo4hB
0F1rlXkOcI1Iqfz9Y3BdO4,0P6B5R3yRSkhkmequL5Yno,3TVXtAsR1Inumwj472S9r4,Drake,Fortworth (feat. PARTYNEXTDOOR),231879,10,True,https://open.spotify.com/track/0F1rlXkOcI1Iqfz9Y3BdO4
5BRkZvrogjXJlvPEzb4POg,0P6B5R3yRSkhkmequL5Yno,3TVXtAsR1Inumwj472S9r4,Drake,Prioritizing,233404,11,True,https://open.spotify.com/track/5BRkZvrogjXJlvPEzb4POg
0br9vcQnqeqp9PKCGsrxAF,3JUrJP460nFIqwjxM19slT,3eLZo1bSslvsu0zNhtmMM4,Wicked Movie Cast,No One Mourns the Wicked,447991,1,False,https://open.spotify.com/track/0br9vcQnqeqp9PKCGsrxAF
4HAhrqmjZ6ltgVdPF8K6wn,3JUrJP460nFIqwjxM19slT,3eLZo1bSslvsu0zNhtmMM4,Wicked Movie Cast,Dear Old Shiz,71734,2,False,https://open.spotify.com/track/4HAhrqmjZ6ltgVdPF8K6wn
4mxj6SQ7BxfQ90CBTbxcwH,3JUrJP460nFIqwjxM19slT,46UMQ0cW8ToR8egkBRwAxZ,Cynthia Erivo,The Wizard And I,336858,3,False,https://open.spotify.com/track/4mxj6SQ7BxfQ90CBTbxcwH
7eGuPhpdS8sBjPJNuAShUX,3JUrJP460nFIqwjxM19slT,66CXWjxzNUsdJxJ2JdwvnR,Ariana Grande,What Is This Feeling?,228947,4,False,https://open.spotify.com/track/7eGuPhpdS8sBjPJNuAShUX
5E2ASK5znLzoizBy4njhM4,3JUrJP460nFIqwjxM19slT,0pHTIdyC4DAsoMhpSufQaz,Peter Dinklage,Something Bad,108300,5,False,https://open.spotify.com/track/5E2ASK5znLzoizBy4njhM4
6qo8v2y2MHUSPLs7VBc6cG,3JUrJP460nFIqwjxM19slT,2Je7IdIHe8UvZbLXdapQ26,Jonathan Bailey,Dancing Through Life,587364,6,False,https://open.spotify.com/track/6qo8v2y2MHUSPLs7VBc6cG
3i8fIJNV0yuC4kXT3SkVBZ,3JUrJP460nFIqwjxM19slT,66CXWjxzNUsdJxJ2JdwvnR,Ariana Grande,Popular,241501,7,False,https://open.spotify.com/track/3i8fIJNV0yuC4kXT3SkVBZ
2tWioTW2rs0CXf1dTXlRrX,3JUrJP460nFIqwjxM19slT,46UMQ0cW8ToR8egkBRwAxZ,Cynthia Erivo,I’m Not That Girl,237043,8,False,https://open.spotify.com/track/2tWioTW2rs0CXf1dTXlRrX
4jNerIJa2IOeL5gVDvMNLW,3JUrJP460nFIqwjxM19slT,46UMQ0cW8ToR8egkBRwAxZ,Cynthia Erivo,One Short Day,392668,9,False,https://open.spotify.com/track/4jNerIJa2IOeL5gVDvMNLW
2Nox49biysRuKoIaDWMemm,3JUrJP460nFIqwjxM19slT,0O1n2TpXR4XizmHi7aY0l8,Jeff Goldblum,A Sentimental Man,132621,10,False,https://open.spotify.com/track/2Nox49biysRuKoIaDWMemm
5QMrH5nszZZR3nefIj6Mar,3JUrJP460nFIqwjxM19slT,46UMQ0cW8ToR8egkBRwAxZ,Cynthia Erivo,Defying Gravity,459766,11,False,https://open.spotify.com/track/5QMrH5nszZZR3nefIj6Mar
5oUggqlg7zOto1unBbj393,3JUrJP460nFIqwjxM19slT,0bVjGR347nlhO79Z3i881P,The Wicked Orchestra,Ozdust Duet - Bonus Track,131863,12,False,https://open.spotify.com/track/5oUggqlg7zOto1unBbj393
3G5iN5QBqMeXx3uZPy8tgB,58ufpQsJ1DS5kq4hhzQDiI,0du5cEVh5yTK9QJze8zA0C,Bruno Mars,Young Girls,228720,1,False,https://open.spotify.com/track/3G5iN5QBqMeXx3uZPy8tgB
3w3y8KPTfNeOKPiqUTakBh,58ufpQsJ1DS5kq4hhzQDiI,0du5cEVh5yTK9QJze8zA0C,Bruno Mars,Locked out of Heaven,233478,2,False,https://open.spotify.com/track/3w3y8KPTfNeOKPiqUTakBh
2ih2U8ttFzCjnQ5njF3SrR,58ufpQsJ1DS5kq4hhzQDiI,0du5cEVh5yTK9QJze8zA0C,Bruno Mars,Gorilla,244493,3,True,https://open.spotify.com/track/2ih2U8ttFzCjnQ5njF3SrR
55h7vJchibLdUkxdlX3fK7,58ufpQsJ1DS5kq4hhzQDiI,0du5cEVh5yTK9QJze8zA0C,Bruno Mars,Treasure,178560,4,True,https://open.spotify.com/track/55h7vJchibLdUkxdlX3fK7
30raivfq7rSt5nKltiHfzG,58ufpQsJ1DS5kq4hhzQDiI,0du5cEVh5yTK9QJze8zA0C,Bruno Mars,Moonshine,228573,5,False,https://open.spotify.com/track/30raivfq7rSt5nKltiHfzG
0nJW01T7XtvILxQgC5J7Wh,58ufpQsJ1DS5kq4hhzQDiI,0du5cEVh5yTK9QJze8zA0C,Bruno Mars,When I Was Your Man,213826,6,False,https://open.spotify.com/track/0nJW01T7XtvILxQgC5J7Wh
0inMKhbKWOTDA9UBUAKoU6,58ufpQsJ1DS5kq4hhzQDiI,0du5cEVh5yTK9QJze8zA0C,Bruno Mars,Natalie,225026,7,False,https://open.spotify.com/track/0inMKhbKWOTDA9UBUAKoU6
2tCPIp83mRXvVTytTAf1W4,58ufpQsJ1DS5kq4hhzQDiI,0du5cEVh5yTK9QJze8zA0C,Bruno Mars,Show Me,207560,8,False,https://open.spotify.com/track/2tCPIp83mRXvVTytTAf1W4
6FPQabaldvKE5cjqRfY9Os,58ufpQsJ1DS5kq4hhzQDiI,0du5cEVh5yTK9QJze8zA0C,Bruno Mars,Money Make Her Smile,203973,9,False,https://open.spotify.com/track/6FPQabaldvKE5cjqRfY9Os
7lXOqE38eCr979gp27O5wr,58ufpQsJ1DS5kq4hhzQDiI,0du5cEVh5yTK9QJze8zA0C,Bruno Mars,If I Knew,132640,10,False,https://open.spotify.com/track/7lXOqE38eCr979gp27O5wr
6b8Be6ljOzmkOmFslEb23P,4PgleR09JVnm3zY1fW3XBA,0du5cEVh5yTK9QJze8zA0C,Bruno Mars,24K Magic,225983,1,False,https://open.spotify.com/track/6b8Be6ljOzmkOmFslEb23P
0mBKv9DkYfQHjdMcw2jdyI,4PgleR09JVnm3zY1fW3XBA,0du5cEVh5yTK9QJze8zA0C,Bruno Mars,Chunky,186973,2,False,https://open.spotify.com/track/0mBKv9DkYfQHjdMcw2jdyI
1I6pKIyaBp4OebTGLJpCCC,4PgleR09JVnm3zY1fW3XBA,0du5cEVh5yTK9QJze8zA0C,Bruno Mars,Perm,210053,3,False,https://open.spotify.com/track/1I6pKIyaBp4OebTGLJpCCC
0KKkJNfGyhkQ5aFogxQAPU,4PgleR09JVnm3zY1fW3XBA,0du5cEVh5yTK9QJze8zA0C,Bruno Mars,That's What I Like,206693,4,False,https://open.spotify.com/track/0KKkJNfGyhkQ5aFogxQAPU
0kN8xEmgMW9mh7UmDYHlJP,4PgleR09JVnm3zY1fW3XBA,0du5cEVh5yTK9QJze8zA0C,Bruno Mars,Versace on the Floor,261240,5,False,https://open.spotify.com/track/0kN8xEmgMW9mh7UmDYHlJP
2mrZYZGmPFV3QOyYPZ1zsn,4PgleR09JVnm3zY1fW3XBA,0du5cEVh5yTK9QJze8zA0C,Bruno Mars,Straight up & Down,198186,6,False,https://open.spotify.com/track/2mrZYZGmPFV3QOyYPZ1zsn
6ObpR8ek44tvWefQRcSo8K,4PgleR09JVnm3zY1fW3XBA,0du5cEVh5yTK9QJze8zA0C,Bruno Mars,Calling All My Lovelies,250080,7,False,https://open.spotify.com/track/6ObpR8ek44tvWefQRcSo8K
5XMkENs3GfeRza8MfVAhjK,4PgleR09JVnm3zY1fW3XBA,0du5cEVh5yTK9QJze8zA0C,Bruno Mars,Finesse,191000,8,False,https://open.spotify.com/track/5XMkENs3GfeRza8MfVAhjK
0B0tYbVp7pDQAqKDhgMeaL,4PgleR09JVnm3zY1fW3XBA,0du5cEVh5yTK9QJze8zA0C,Bruno Mars,Too Good to Say Goodbye,281826,9,False,https://open.spotify.com/track/0B0tYbVp7pDQAqKDhgMeaL
7fQcxS1Z2vPvgLRXeCFHNm,0E3wRkztEF32ZdYICXBuBf,6M2wZ9GZgrQXHCFfjv46we,Dua Lipa,Future Nostalgia,184881,1,False,https://open.spotify.com/track/7fQcxS1Z2vPvgLRXeCFHNm
5b1h2Oqw2lAa6J43jheZ9f,0E3wRkztEF32ZdYICXBuBf,6M2wZ9GZgrQXHCFfjv46we,Dua Lipa,Don't Start Now,183290,2,False,https://open.spotify.com/track/5b1h2Oqw2lAa6J43jheZ9f
2U9dDFMtSXyniF0uGW4CF2,0E3wRkztEF32ZdYICXBuBf,6M2wZ9GZgrQXHCFfjv46we,Dua Lipa,Cool,209583,3,False,https://open.spotify.com/track/2U9dDFMtSXyniF0uGW4CF2
6u9hjZ1KqBqvq5hiOpBvxC,0E3wRkztEF32ZdYICXBuBf,6M2wZ9GZgrQXHCFfjv46we,Dua Lipa,Physical,193829,4,False,https://open.spotify.com/track/6u9hjZ1KqBqvq5hiOpBvxC
6F0baA5t58AtAS9uFVe4su,0E3wRkztEF32ZdYICXBuBf,6M2wZ9GZgrQXHCFfjv46we,Dua Lipa,Levitating,203807,5,False,https://open.spotify.com/track/6F0baA5t58AtAS9uFVe4su
60hFG2HrZqGO7CXilP3ruK,0E3wRkztEF32ZdYICXBuBf,6M2wZ9GZgrQXHCFfjv46we,Dua Lipa,Pretty Please,194607,6,True,https://open.spotify.com/track/60hFG2HrZqGO7CXilP3ruK
6Zi0XLHXB6kaaOAvBTIEDd,0E3wRkztEF32ZdYICXBuBf,6M2wZ9GZgrQXHCFfjv46we,Dua Lipa,Hallucinate,208505,7,False,https://open.spotify.com/track/6Zi0XLHXB6kaaOAvBTIEDd
2V8CmjYqBXszQmZlA9CvtX,0E3wRkztEF32ZdYICXBuBf,6M2wZ9GZgrQXHCFfjv46we,Dua Lipa,Love Again,258004,8,False,https://open.spotify.com/track/2V8CmjYqBXszQmZlA9CvtX
6IdH3pMWBy0R1TuTh7kVIg,0E3wRkztEF32ZdYICXBuBf,6M2wZ9GZgrQXHCFfjv46we,Dua Lipa,Break My Heart,221820,9,False,https://open.spotify.com/track/6IdH3pMWBy0R1TuTh7kVIg
6mTMvTlhfugTHIjGINwhg3,0E3wRkztEF32ZdYICXBuBf,6M2wZ9GZgrQXHCFfjv46we,Dua Lipa,Good In Bed,218754,10,False,https://open.spotify.com/track/6mTMvTlhfugTHIjGINwhg3
7FwBc4IxkXXaNCdtNZI1YL,0E3wRkztEF32ZdYICXBuBf,6M2wZ9GZgrQXHCFfjv46we,Dua Lipa,Boys Will Be Boys,166266,11,False,https://open.spotify.com/track/7FwBc4IxkXXaNCdtNZI1YL
0TSkFjjrklSvK60E4zf3GU,0E3wRkztEF32ZdYICXBuBf,6M2wZ9GZgrQXHCFfjv46we,Dua Lipa,Fever,156910,12,False,https://open.spotify.com/track/0TSkFjjrklSvK60E4zf3GU
3Mf7Ziwe9syOg6L0RLDY0h,0E3wRkztEF32ZdYICXBuBf,6M2wZ9GZgrQXHCFfjv46we,Dua Lipa,We're Good,165506,13,False,https://open.spotify.com/track/3Mf7Ziwe9syOg6L0RLDY0h
3kfrxbevhp1RQ4D7pF67Io,0E3wRkztEF32ZdYICXBuBf,5YGY8feqx7naU7z4HrwZM6,Miley Cyrus,Prisoner (feat. Dua Lipa),169338,14,False,https://open.spotify.com/track/3kfrxbevhp1RQ4D7pF67Io
6MmUY9XUQqhZFS657N09vH,0E3wRkztEF32ZdYICXBuBf,6M2wZ9GZgrQXHCFfjv46we,Dua Lipa,If It Ain’t Me,195351,15,False,https://open.spotify.com/track/6MmUY9XUQqhZFS657N09vH
7o7SCL9EtNV8cmsmf4EFgV,0E3wRkztEF32ZdYICXBuBf,6M2wZ9GZgrQXHCFfjv46we,Dua Lipa,That Kind Of Woman,200108,16,False,https://open.spotify.com/track/7o7SCL9EtNV8cmsmf4EFgV
6lqOQ5yJa9eHhEVWiy2KWK,0E3wRkztEF32ZdYICXBuBf,6M2wZ9GZgrQXHCFfjv46we,Dua Lipa,Not My Problem (feat. JID),143163,17,False,https://open.spotify.com/track/6lqOQ5yJa9eHhEVWiy2KWK
13XqsZn5dWZ6mhaL8IyUw6,0E3wRkztEF32ZdYICXBuBf,6M2wZ9GZgrQXHCFfjv46we,Dua Lipa,Levitating (feat. DaBaby),203064,18,False,https://open.spotify.com/track/13XqsZn5dWZ6mhaL8IyUw6
44w3jlijhm6VAkWHrHCuLS,0E3wRkztEF32ZdYICXBuBf,5jPdfoPh4GlyeYexTLfcfT,J. Balvin,Un Día (One Day),231815,19,False,https://open.spotify.com/track/44w3jlijhm6VAkWHrHCuLS
4YjXki3mDST8YW4a0ND1hY,6NC5rf0j1JcmXhKNlZqWkr,6M2wZ9GZgrQXHCFfjv46we,Dua Lipa,Training Season (Live From Mexico),213860,1,False,https://open.spotify.com/track/4YjXki3mDST8YW4a0ND1hY
4kYYrNOk5V4cBSYk4egEHm,6NC5rf0j1JcmXhKNlZqWkr,6M2wZ9GZgrQXHCFfjv46we,Dua Lipa,End Of An Era (Live From Mexico),205626,2,False,https://open.spotify.com/track/4kYYrNOk5V4cBSYk4egEHm
53PeNh5bq4l8CkhgDMbWHF,6NC5rf0j1JcmXhKNlZqWkr,6M2wZ9GZgrQXHCFfjv46we,Dua Lipa,Break My Heart (Live From Mexico),253307,3,False,https://open.spotify.com/track/53PeNh5bq4l8CkhgDMbWHF
3IfBy33fO2ItbxaAhxM9k9,6NC5rf0j1JcmXhKNlZqWkr,6M2wZ9GZgrQXHCFfjv46we,Dua Lipa,One Medley (Mexican Live Edit),380894,4,False,https://open.spotify.com/track/3IfBy33fO2ItbxaAhxM9k9
61UcwzsSbcW52THDpRSjV9,6NC5rf0j1JcmXhKNlZqWkr,6M2wZ9GZgrQXHCFfjv46we,Dua Lipa,Whatcha Doing (Live From Mexico),274371,1,False,https://open.spotify.com/track/61UcwzsSbcW52THDpRSjV9
31m9Ud9SkRXkE8SplHPGbw,6NC5rf0j1JcmXhKNlZqWkr,6M2wZ9GZgrQXHCFfjv46we,Dua Lipa,Levitating (Live From Mexico),257894,2,False,https://open.spotify.com/track/31m9Ud9SkRXkE8SplHPGbw
17tCNwupZtOx4EwgqzeJDn,6NC5rf0j1JcmXhKNlZqWkr,6M2wZ9GZgrQXHCFfjv46we,Dua Lipa,These Walls (Live From Mexico),267872,3,True,https://open.spotify.com/track/17tCNwupZtOx4EwgqzeJDn
4gdflcU7uNKj4FldHsrCly,6NC5rf0j1JcmXhKNlZqWkr,6M2wZ9GZgrQXHCFfjv46we,Dua Lipa,Oye Mi Amor (feat. Fher de Maná) [Live From Mexico],303489,4,False,https://open.spotify.com/track/4gdflcU7uNKj4FldHsrCly
3JZgthzCEKasVjmTAE3f7t,6NC5rf0j1JcmXhKNlZqWkr,6M2wZ9GZgrQXHCFfjv46we,Dua Lipa,Maria (Live From Mexico),218070,5,False,https://open.spotify.com/track/3JZgthzCEKasVjmTAE3f7t
5EQ6pdEIrZywSk9eS0Wdj3,6NC5rf0j1JcmXhKNlZqWkr,6M2wZ9GZgrQXHCFfjv46we,Dua Lipa,Physical (Live From Mexico),322355,1,False,https://open.spotify.com/track/5EQ6pdEIrZywSk9eS0Wdj3
3DZ0dfu86NMLeGX97FKag7,6NC5rf0j1JcmXhKNlZqWkr,6M2wZ9GZgrQXHCFfjv46we,Dua Lipa,Electricity (Live From Mexico),250394,2,False,https://open.spotify.com/track/3DZ0dfu86NMLeGX97FKag7
0ps9umiqVQeWNYNjZNw3De,6NC5rf0j1JcmXhKNlZqWkr,6M2wZ9GZgrQXHCFfjv46we,Dua Lipa,Hallucinate (Live From Mexico),180988,3,False,https://open.spotify.com/track/0ps9umiqVQeWNYNjZNw3De
4AduVdcc7XxczbJ2rm3Ee1,6NC5rf0j1JcmXhKNlZqWkr,6M2wZ9GZgrQXHCFfjv46we,Dua Lipa,Illusion (Live From Mexico),255574,4,False,https://open.spotify.com/track/4AduVdcc7XxczbJ2rm3Ee1
4IC7ZjGeJ8ePwLh8ZyEtuZ,6NC5rf0j1JcmXhKNlZqWkr,6M2wZ9GZgrQXHCFfjv46we,Dua Lipa,Falling Forever (Live From Mexico),260144,1,False,https://open.spotify.com/track/4IC7ZjGeJ8ePwLh8ZyEtuZ
2ckeEVBQbU6mcyAVNFRoqR,6NC5rf0j1JcmXhKNlZqWkr,6M2wZ9GZgrQXHCFfjv46we,Dua Lipa,Happy For You (Live From Mexico),308773,2,False,https://open.spotify.com/track/2ckeEVBQbU6mcyAVNFRoqR
4W1cdK67P0XjzHN8snmffR,6NC5rf0j1JcmXhKNlZqWkr,6M2wZ9GZgrQXHCFfjv46we,Dua Lipa,Love Again (Live From Mexico),394517,3,True,https://open.spotify.com/track/4W1cdK67P0XjzHN8snmffR
0qkTH5yHpWrLe2mCJwVyNX,6NC5rf0j1JcmXhKNlZqWkr,6M2wZ9GZgrQXHCFfjv46we,Dua Lipa,Anything For Love (Live From Mexico),215986,4,False,https://open.spotify.com/track/0qkTH5yHpWrLe2mCJwVyNX
0FlVDUSG9vGpuL7UlLVSEq,6NC5rf0j1JcmXhKNlZqWkr,6M2wZ9GZgrQXHCFfjv46we,Dua Lipa,Be The One (Live From Mexico),515700,5,False,https://open.spotify.com/track/0FlVDUSG9vGpuL7UlLVSEq
6DBzZw99S8bjdiJ30n8iTX,6NC5rf0j1JcmXhKNlZqWkr,6M2wZ9GZgrQXHCFfjv46we,Dua Lipa,New Rules / Dance The Night Interlude (Live From Mexico),291472,1,False,https://open.spotify.com/track/6DBzZw99S8bjdiJ30n8iTX
1ISzRHdFj7f7wI2EAxTO1j,6NC5rf0j1JcmXhKNlZqWkr,6M2wZ9GZgrQXHCFfjv46we,Dua Lipa,Don’t Start Now (Live From Mexico),236662,2,False,https://open.spotify.com/track/1ISzRHdFj7f7wI2EAxTO1j
1CsMKhwEmNnmvHUuO5nryA,7aJuG4TFXa2hmE4z1yxc3n,6qqNVTkY8uBg9cP3Jd7DAH,Billie Eilish,SKINNY,219733,1,False,https://open.spotify.com/track/1CsMKhwEmNnmvHUuO5nryA
629DixmZGHc7ILtEntuiWE,7aJuG4TFXa2hmE4z1yxc3n,6qqNVTkY8uBg9cP3Jd7DAH,Billie Eilish,LUNCH,179586,2,False,https://open.spotify.com/track/629DixmZGHc7ILtEntuiWE
7BRD7x5pt8Lqa1eGYC4dzj,7aJuG4TFXa2hmE4z1yxc3n,6qqNVTkY8uBg9cP3Jd7DAH,Billie Eilish,CHIHIRO,303440,3,False,https://open.spotify.com/track/7BRD7x5pt8Lqa1eGYC4dzj
6dOtVTDdiauQNBQEDOtlAB,7aJuG4TFXa2hmE4z1yxc3n,6qqNVTkY8uBg9cP3Jd7DAH,Billie Eilish,BIRDS OF A FEATHER,210373,4,False,https://open.spotify.com/track/6dOtVTDdiauQNBQEDOtlAB
3QaPy1KgI7nu9FJEQUgn6h,7aJuG4TFXa2hmE4z1yxc3n,6qqNVTkY8uBg9cP3Jd7DAH,Billie Eilish,WILDFLOWER,261466,5,False,https://open.spotify.com/track/3QaPy1KgI7nu9FJEQUgn6h
6TGd66r0nlPaYm3KIoI7ET,7aJuG4TFXa2hmE4z1yxc3n,6qqNVTkY8uBg9cP3Jd7DAH,Billie Eilish,THE GREATEST,293840,6,False,https://open.spotify.com/track/6TGd66r0nlPaYm3KIoI7ET
6fPan2saHdFaIHuTSatORv,7aJuG4TFXa2hmE4z1yxc3n,6qqNVTkY8uBg9cP3Jd7DAH,Billie Eilish,L’AMOUR DE MA VIE,333986,7,False,https://open.spotify.com/track/6fPan2saHdFaIHuTSatORv
1LLUoftvmTjVNBHZoQyveF,7aJuG4TFXa2hmE4z1yxc3n,6qqNVTkY8uBg9cP3Jd7DAH,Billie Eilish,THE DINER,186346,8,False,https://open.spotify.com/track/1LLUoftvmTjVNBHZoQyveF
7DpUoxGSdlDHfqCYj0otzU,7aJuG4TFXa2hmE4z1yxc3n,6qqNVTkY8uBg9cP3Jd7DAH,Billie Eilish,BITTERSUITE,298440,9,False,https://open.spotify.com/track/7DpUoxGSdlDHfqCYj0otzU
2prqm9sPLj10B4Wg0wE5x9,7aJuG4TFXa2hmE4z1yxc3n,6qqNVTkY8uBg9cP3Jd7DAH,Billie Eilish,BLUE,343120,10,False,https://open.spotify.com/track/2prqm9sPLj10B4Wg0wE5x9
1YrY0vjHWp672gt0crtj5A,1Mo92916G2mmG7ajpmSVrc,6M2wZ9GZgrQXHCFfjv46we,Dua Lipa,End Of An Era,196218,1,False,https://open.spotify.com/track/1YrY0vjHWp672gt0crtj5A
6D8y7Bck8h11byRY88Pt2z,1Mo92916G2mmG7ajpmSVrc,6M2wZ9GZgrQXHCFfjv46we,Dua Lipa,Houdini,185917,2,False,https://open.spotify.com/track/6D8y7Bck8h11byRY88Pt2z
5b5cPscqVEMChvDqscVw26,1Mo92916G2mmG7ajpmSVrc,6M2wZ9GZgrQXHCFfjv46we,Dua Lipa,Training Season,209487,3,False,https://open.spotify.com/track/5b5cPscqVEMChvDqscVw26
7b6sWLSnbZhSIeqNGrJ4py,1Mo92916G2mmG7ajpmSVrc,6M2wZ9GZgrQXHCFfjv46we,Dua Lipa,These Walls,217783,4,True,https://open.spotify.com/track/7b6sWLSnbZhSIeqNGrJ4py
6bAkr9wkQyPM4IDrP4tuwR,1Mo92916G2mmG7ajpmSVrc,6M2wZ9GZgrQXHCFfjv46we,Dua Lipa,Whatcha Doing,198198,5,False,https://open.spotify.com/track/6bAkr9wkQyPM4IDrP4tuwR
7nFYnsLIX8EhyFJcPgdIDX,1Mo92916G2mmG7ajpmSVrc,6M2wZ9GZgrQXHCFfjv46we,Dua Lipa,French Exit,201286,6,False,https://open.spotify.com/track/7nFYnsLIX8EhyFJcPgdIDX
5q0EXnBYyeCdXD72FzJxH0,1Mo92916G2mmG7ajpmSVrc,6M2wZ9GZgrQXHCFfjv46we,Dua Lipa,Illusion,188143,7,False,https://open.spotify.com/track/5q0EXnBYyeCdXD72FzJxH0
1DiVt4mPAMzbv2N2Yywxs1,1Mo92916G2mmG7ajpmSVrc,6M2wZ9GZgrQXHCFfjv46we,Dua Lipa,Falling Forever,223095,8,False,https://open.spotify.com/track/1DiVt4mPAMzbv2N2Yywxs1
1yg0jZwJIsmG7a2TqPIv7z,1Mo92916G2mmG7ajpmSVrc,6M2wZ9GZgrQXHCFfjv46we,Dua Lipa,Anything For Love,141783,9,False,https://open.spotify.com/track/1yg0jZwJIsmG7a2TqPIv7z
4tqOaLJdXjWi4OaFSKIT2R,1Mo92916G2mmG7ajpmSVrc,6M2wZ9GZgrQXHCFfjv46we,Dua Lipa,Maria,187682,10,False,https://open.spotify.com/track/4tqOaLJdXjWi4OaFSKIT2R
05oC2UvKDcx0cY2wg9gzKC,1Mo92916G2mmG7ajpmSVrc,6M2wZ9GZgrQXHCFfjv46we,Dua Lipa,Happy For You,245680,11,False,https://open.spotify.com/track/05oC2UvKDcx0cY2wg9gzKC
7LtqaCjLaiSvSdYgFQyYEM,6cbwstHlsAIIWurIIXXBPd,66CXWjxzNUsdJxJ2JdwvnR,Ariana Grande,intro (end of the world),92400,1,True,https://open.spotify.com/track/7LtqaCjLaiSvSdYgFQyYEM
3NcrKwg8J1mOB1Ybt18rYt,6cbwstHlsAIIWurIIXXBPd,66CXWjxzNUsdJxJ2JdwvnR,Ariana Grande,bye,164927,2,False,https://open.spotify.com/track/3NcrKwg8J1mOB1Ybt18rYt
65EIzsI7l5NgVG6ARaPath,6cbwstHlsAIIWurIIXXBPd,66CXWjxzNUsdJxJ2JdwvnR,Ariana Grande,don't wanna break up again,174006,3,True,https://open.spotify.com/track/65EIzsI7l5NgVG6ARaPath
37xSCULPsOwbtlrfXxWNyo,6cbwstHlsAIIWurIIXXBPd,66CXWjxzNUsdJxJ2JdwvnR,Ariana Grande,Saturn Returns Interlude,42166,4,False,https://open.spotify.com/track/37xSCULPsOwbtlrfXxWNyo
0ZE7YRwdYqM8CtmfExYGDk,6cbwstHlsAIIWurIIXXBPd,66CXWjxzNUsdJxJ2JdwvnR,Ariana Grande,eternal sunshine,210200,5,False,https://open.spotify.com/track/0ZE7YRwdYqM8CtmfExYGDk
5V7rdUyypIWQ1T52gRfY44,6cbwstHlsAIIWurIIXXBPd,66CXWjxzNUsdJxJ2JdwvnR,Ariana Grande,supernatural,163381,6,False,https://open.spotify.com/track/5V7rdUyypIWQ1T52gRfY44
48bbrovqXOEgBAmcaoKe9h,6cbwstHlsAIIWurIIXXBPd,66CXWjxzNUsdJxJ2JdwvnR,Ariana Grande,true story,163278,7,False,https://open.spotify.com/track/48bbrovqXOEgBAmcaoKe9h
59mCYbP5mcOn7vIgHshRPv,6cbwstHlsAIIWurIIXXBPd,66CXWjxzNUsdJxJ2JdwvnR,Ariana Grande,the boy is mine,173639,8,True,https://open.spotify.com/track/59mCYbP5mcOn7vIgHshRPv
0eanJEFFplPt5ByX33ms63,6cbwstHlsAIIWurIIXXBPd,66CXWjxzNUsdJxJ2JdwvnR,Ariana Grande,"yes, and?",214994,9,True,https://open.spotify.com/track/0eanJEFFplPt5ByX33ms63
3zSnPhuucEb9JbFSxKVcIn,6cbwstHlsAIIWurIIXXBPd,66CXWjxzNUsdJxJ2JdwvnR,Ariana Grande,we can't be friends (wait for your love),228639,10,False,https://open.spotify.com/track/3zSnPhuucEb9JbFSxKVcIn
6XIcW7JmkYlnHLWtn2qyxZ,6cbwstHlsAIIWurIIXXBPd,66CXWjxzNUsdJxJ2JdwvnR,Ariana Grande,i wish i hated you,153633,11,False,https://open.spotify.com/track/6XIcW7JmkYlnHLWtn2qyxZ
53XP6aAlSDIEjRJr8F0fh0,6cbwstHlsAIIWurIIXXBPd,66CXWjxzNUsdJxJ2JdwvnR,Ariana Grande,imperfect for you,182566,12,True,https://open.spotify.com/track/53XP6aAlSDIEjRJr8F0fh0
43TXNdQorrBW62jfmm4jkS,6cbwstHlsAIIWurIIXXBPd,66CXWjxzNUsdJxJ2JdwvnR,Ariana Grande,ordinary things (feat. Nonna),168500,13,False,https://open.spotify.com/track/43TXNdQorrBW62jfmm4jkS
5BBkvXH2jYROUzKIB7WX7S,6cbwstHlsAIIWurIIXXBPd,66CXWjxzNUsdJxJ2JdwvnR,Ariana Grande,intro (end of the world) - extended,161252,14,True,https://open.spotify.com/track/5BBkvXH2jYROUzKIB7WX7S
1YRbAonLvmuUILvQso0gUM,6cbwstHlsAIIWurIIXXBPd,66CXWjxzNUsdJxJ2JdwvnR,Ariana Grande,twilight zone,198320,15,False,https://open.spotify.com/track/1YRbAonLvmuUILvQso0gUM
0BeR2fJmYnKNn7IORw3GR9,6cbwstHlsAIIWurIIXXBPd,66CXWjxzNUsdJxJ2JdwvnR,Ariana Grande,warm,201905,16,False,https://open.spotify.com/track/0BeR2fJmYnKNn7IORw3GR9
6wZOZ0votPhc8qdg4UFPtH,6cbwstHlsAIIWurIIXXBPd,66CXWjxzNUsdJxJ2JdwvnR,Ariana Grande,dandelion,204815,17,False,https://open.spotify.com/track/6wZOZ0votPhc8qdg4UFPtH
2MIpkAQVJqQIDf9k4YWoHR,6cbwstHlsAIIWurIIXXBPd,66CXWjxzNUsdJxJ2JdwvnR,Ariana Grande,past life,215834,18,True,https://open.spotify.com/track/2MIpkAQVJqQIDf9k4YWoHR
4D2DFuqs2PwLiHbcf6CX47,6cbwstHlsAIIWurIIXXBPd,66CXWjxzNUsdJxJ2JdwvnR,Ariana Grande,Hampstead,216264,19,True,https://open.spotify.com/track/4D2DFuqs2PwLiHbcf6CX47
6Tb7Zfo4PcSiS4TqQ4NnTh,2FeyIYDDAQqcOJKOKhvHdr,4gzpq5DPGxSnKTe4SA8HAU,Coldplay,Sunrise,151093,1,False,https://open.spotify.com/track/6Tb7Zfo4PcSiS4TqQ4NnTh
1e8D1BCD2afT56Km7UahpB,2FeyIYDDAQqcOJKOKhvHdr,4gzpq5DPGxSnKTe4SA8HAU,Coldplay,Church,230013,2,False,https://open.spotify.com/track/1e8D1BCD2afT56Km7UahpB
45PqOIkZ9PdCjsCJQYzx9G,2FeyIYDDAQqcOJKOKhvHdr,4gzpq5DPGxSnKTe4SA8HAU,Coldplay,Trouble In Town,278906,3,True,https://open.spotify.com/track/45PqOIkZ9PdCjsCJQYzx9G
1cXXhzPnbrXjNQYbLdUJdy,2FeyIYDDAQqcOJKOKhvHdr,4gzpq5DPGxSnKTe4SA8HAU,Coldplay,BrokEn,150200,4,False,https://open.spotify.com/track/1cXXhzPnbrXjNQYbLdUJdy
3pcPPhPAiurm2Ior11SHrz,2FeyIYDDAQqcOJKOKhvHdr,4gzpq5DPGxSnKTe4SA8HAU,Coldplay,Daddy,298320,5,False,https://open.spotify.com/track/3pcPPhPAiurm2Ior11SHrz
7jib2tJjQ82kTIZZATMvAK,2FeyIYDDAQqcOJKOKhvHdr,4gzpq5DPGxSnKTe4SA8HAU,Coldplay,WOTW / POTP,76933,6,False,https://open.spotify.com/track/7jib2tJjQ82kTIZZATMvAK
0ZlVUhjO8c0bOx1D2Btznf,2FeyIYDDAQqcOJKOKhvHdr,4gzpq5DPGxSnKTe4SA8HAU,Coldplay,Arabesque,340280,7,True,https://open.spotify.com/track/0ZlVUhjO8c0bOx1D2Btznf
0UvUivL70eDwhTWBd8S38I,2FeyIYDDAQqcOJKOKhvHdr,4gzpq5DPGxSnKTe4SA8HAU,Coldplay,When I Need A Friend,155000,8,False,https://open.spotify.com/track/0UvUivL70eDwhTWBd8S38I
6VzRvCbolqcUswaSPm48rI,2FeyIYDDAQqcOJKOKhvHdr,4gzpq5DPGxSnKTe4SA8HAU,Coldplay,Guns,115080,1,True,https://open.spotify.com/track/6VzRvCbolqcUswaSPm48rI
03T4ttRCiLXST6MZjeMwmR,2FeyIYDDAQqcOJKOKhvHdr,4gzpq5DPGxSnKTe4SA8HAU,Coldplay,Orphans,197533,2,False,https://open.spotify.com/track/03T4ttRCiLXST6MZjeMwmR
2HUtNS9qtfgWbnaagK6AAe,2FeyIYDDAQqcOJKOKhvHdr,4gzpq5DPGxSnKTe4SA8HAU,Coldplay,Èkó,157866,3,False,https://open.spotify.com/track/2HUtNS9qtfgWbnaagK6AAe
4Kwhm5VU4huxmQtBqd1AXo,2FeyIYDDAQqcOJKOKhvHdr,4gzpq5DPGxSnKTe4SA8HAU,Coldplay,Cry Cry Cry,167280,4,False,https://open.spotify.com/track/4Kwhm5VU4huxmQtBqd1AXo
3E3zYgQul8EaJioNvD2tv9,2FeyIYDDAQqcOJKOKhvHdr,4gzpq5DPGxSnKTe4SA8HAU,Coldplay,Old Friends,146946,5,False,https://open.spotify.com/track/3E3zYgQul8EaJioNvD2tv9
6DGzLNiawTtntC9NHzeMeY,2FeyIYDDAQqcOJKOKhvHdr,4gzpq5DPGxSnKTe4SA8HAU,Coldplay,بنی آدم,194666,6,False,https://open.spotify.com/track/6DGzLNiawTtntC9NHzeMeY
6mf7BNgXs8JipPr2QILnyN,2FeyIYDDAQqcOJKOKhvHdr,4gzpq5DPGxSnKTe4SA8HAU,Coldplay,Champion Of The World,257546,7,False,https://open.spotify.com/track/6mf7BNgXs8JipPr2QILnyN
0h9fnCSnbUgOEgibnQByFv,2FeyIYDDAQqcOJKOKhvHdr,4gzpq5DPGxSnKTe4SA8HAU,Coldplay,Everyday Life,258533,8,False,https://open.spotify.com/track/0h9fnCSnbUgOEgibnQByFv
5H8lr4az4Vo3LloH67yVRt,19CvkGjYpifkdwgVJSbog2,4gzpq5DPGxSnKTe4SA8HAU,Coldplay,A Head Full of Dreams - Live in Buenos Aires,299120,1,False,https://open.spotify.com/track/5H8lr4az4Vo3LloH67yVRt
2s2Ld1Xm7t88gSVvohNbPL,19CvkGjYpifkdwgVJSbog2,4gzpq5DPGxSnKTe4SA8HAU,Coldplay,Yellow - Live in Buenos Aires,350466,2,False,https://open.spotify.com/track/2s2Ld1Xm7t88gSVvohNbPL
4Q0yfgpERfkp59Pf2tdI4q,19CvkGjYpifkdwgVJSbog2,4gzpq5DPGxSnKTe4SA8HAU,Coldplay,Every Teardrop Is a Waterfall - Live in Buenos Aires,244306,3,False,https://open.spotify.com/track/4Q0yfgpERfkp59Pf2tdI4q
1aZhbOdRqshLS6uPjiO8Y4,19CvkGjYpifkdwgVJSbog2,4gzpq5DPGxSnKTe4SA8HAU,Coldplay,The Scientist - Live in Buenos Aires,388600,4,False,https://open.spotify.com/track/1aZhbOdRqshLS6uPjiO8Y4
2q8WO601qIwLwV4DgXDCiO,19CvkGjYpifkdwgVJSbog2,4gzpq5DPGxSnKTe4SA8HAU,Coldplay,God Put a Smile upon Your Face - Live in Buenos Aires,274053,5,True,https://open.spotify.com/track/2q8WO601qIwLwV4DgXDCiO
314gi4w3RdZxlocdWw0Khr,19CvkGjYpifkdwgVJSbog2,4gzpq5DPGxSnKTe4SA8HAU,Coldplay,Paradise - Live in Buenos Aires,419373,6,False,https://open.spotify.com/track/314gi4w3RdZxlocdWw0Khr
0oAchaVoTWj6lXTR6f2dSU,19CvkGjYpifkdwgVJSbog2,4gzpq5DPGxSnKTe4SA8HAU,Coldplay,Always in My Head - Live in Buenos Aires,221200,7,False,https://open.spotify.com/track/0oAchaVoTWj6lXTR6f2dSU
6EqxH0njjZuuI3gFZN3Z1o,19CvkGjYpifkdwgVJSbog2,4gzpq5DPGxSnKTe4SA8HAU,Coldplay,Magic - Live in Buenos Aires,285840,8,False,https://open.spotify.com/track/6EqxH0njjZuuI3gFZN3Z1o
4U5Cr41d1K6s48GAndvCdM,19CvkGjYpifkdwgVJSbog2,4gzpq5DPGxSnKTe4SA8HAU,Coldplay,Everglow - Live in Buenos Aires,295373,9,False,https://open.spotify.com/track/4U5Cr41d1K6s48GAndvCdM
4cHZ7W5R81upaIGZfqWxbB,19CvkGjYpifkdwgVJSbog2,4gzpq5DPGxSnKTe4SA8HAU,Coldplay,Clocks - Live in Buenos Aires,260200,10,False,https://open.spotify.com/track/4cHZ7W5R81upaIGZfqWxbB
62OqszvOYSuonp6Buj4P74,19CvkGjYpifkdwgVJSbog2,4gzpq5DPGxSnKTe4SA8HAU,Coldplay,Midnight - Live in Buenos Aires,105680,11,False,https://open.spotify.com/track/62OqszvOYSuonp6Buj4P74
3ksF058sVZ21EgQdRLbUyI,19CvkGjYpifkdwgVJSbog2,4gzpq5DPGxSnKTe4SA8HAU,Coldplay,Charlie Brown - Live in Buenos Aires,284426,12,False,https://open.spotify.com/track/3ksF058sVZ21EgQdRLbUyI
0w6X9iRKrMyDpRRtbu4tE0,19CvkGjYpifkdwgVJSbog2,4gzpq5DPGxSnKTe4SA8HAU,Coldplay,Hymn for the Weekend - Live in Buenos Aires,302946,13,False,https://open.spotify.com/track/0w6X9iRKrMyDpRRtbu4tE0
7mGJlNOAOmJ5ptkmujg1Gv,19CvkGjYpifkdwgVJSbog2,4gzpq5DPGxSnKTe4SA8HAU,Coldplay,Fix You - Live in Buenos Aires,327466,14,False,https://open.spotify.com/track/7mGJlNOAOmJ5ptkmujg1Gv
4Y9lVjRD82aJOQ2v13UIoF,19CvkGjYpifkdwgVJSbog2,4gzpq5DPGxSnKTe4SA8HAU,Coldplay,Viva La Vida - Live in Buenos Aires,251066,15,False,https://open.spotify.com/track/4Y9lVjRD82aJOQ2v13UIoF
3ERJLifTcWBFNZRl6QAqEC,19CvkGjYpifkdwgVJSbog2,4gzpq5DPGxSnKTe4SA8HAU,Coldplay,Adventure of a Lifetime - Live in Buenos Aires,306546,16,False,https://open.spotify.com/track/3ERJLifTcWBFNZRl6QAqEC
1aQKPnGNa5vK7aA6lTm4JS,19CvkGjYpifkdwgVJSbog2,4gzpq5DPGxSnKTe4SA8HAU,Coldplay,De Música Ligera - Live in Buenos Aires,369306,17,False,https://open.spotify.com/track/1aQKPnGNa5vK7aA6lTm4JS
5MVyXzR1HARqSkQjhPrNBO,19CvkGjYpifkdwgVJSbog2,4gzpq5DPGxSnKTe4SA8HAU,Coldplay,Colour Spectrum - Live in Buenos Aires,117760,18,False,https://open.spotify.com/track/5MVyXzR1HARqSkQjhPrNBO
0o7htzPrB8bP0jnyjiqUdj,19CvkGjYpifkdwgVJSbog2,4gzpq5DPGxSnKTe4SA8HAU,Coldplay,In My Place - Live in Buenos Aires,277800,19,False,https://open.spotify.com/track/0o7htzPrB8bP0jnyjiqUdj
1rAZrYT0Ad4F1RiDaxYknE,19CvkGjYpifkdwgVJSbog2,4gzpq5DPGxSnKTe4SA8HAU,Coldplay,Amor Argentina - Live in Buenos Aires,316200,20,False,https://open.spotify.com/track/1rAZrYT0Ad4F1RiDaxYknE
3CIyK1V4JEJkg02E4EJnDl,6yiXkzHvC0OTmhfDQOEWtS,53XhwfbYqKCa1cC15pYq2q,Imagine Dragons,Enemy (with JID) - from the series Arcane League of Legends,173381,1,False,https://open.spotify.com/track/3CIyK1V4JEJkg02E4EJnDl
0E0kxko3i9b5JxxMoGH3At,6yiXkzHvC0OTmhfDQOEWtS,53XhwfbYqKCa1cC15pYq2q,Imagine Dragons,My Life,224512,2,False,https://open.spotify.com/track/0E0kxko3i9b5JxxMoGH3At
1VMBapbhHidf6ALFszT7w1,6yiXkzHvC0OTmhfDQOEWtS,53XhwfbYqKCa1cC15pYq2q,Imagine Dragons,Lonely,159851,3,False,https://open.spotify.com/track/1VMBapbhHidf6ALFszT7w1
6TEftSkmWdTm1EpThnwqh6,6yiXkzHvC0OTmhfDQOEWtS,53XhwfbYqKCa1cC15pYq2q,Imagine Dragons,Wrecked,244004,4,False,https://open.spotify.com/track/6TEftSkmWdTm1EpThnwqh6
747LeNCUC3bF2h43E73rFh,6yiXkzHvC0OTmhfDQOEWtS,53XhwfbYqKCa1cC15pYq2q,Imagine Dragons,Monday,187896,5,False,https://open.spotify.com/track/747LeNCUC3bF2h43E73rFh
0eO2zq5fjPt41BreFmiIKw,6yiXkzHvC0OTmhfDQOEWtS,53XhwfbYqKCa1cC15pYq2q,Imagine Dragons,#1,205040,6,False,https://open.spotify.com/track/0eO2zq5fjPt41BreFmiIKw
5qRt4howTYyg3XzSNySKO8,6yiXkzHvC0OTmhfDQOEWtS,53XhwfbYqKCa1cC15pYq2q,Imagine Dragons,Easy Come Easy Go,179872,7,False,https://open.spotify.com/track/5qRt4howTYyg3XzSNySKO8
5HmxrDC6RrpkCDtMYQqkqx,6yiXkzHvC0OTmhfDQOEWtS,53XhwfbYqKCa1cC15pYq2q,Imagine Dragons,Giants,210402,8,False,https://open.spotify.com/track/5HmxrDC6RrpkCDtMYQqkqx
0p5UWw5wVyzPOgCIx5T0tn,6yiXkzHvC0OTmhfDQOEWtS,53XhwfbYqKCa1cC15pYq2q,Imagine Dragons,It's Ok,202497,9,False,https://open.spotify.com/track/0p5UWw5wVyzPOgCIx5T0tn
3vThV17aiX6dGokusu6j8N,6yiXkzHvC0OTmhfDQOEWtS,53XhwfbYqKCa1cC15pYq2q,Imagine Dragons,Dull Knives,213481,10,False,https://open.spotify.com/track/3vThV17aiX6dGokusu6j8N
0LtkAAEpEp1lkLX1ZvjHZb,6yiXkzHvC0OTmhfDQOEWtS,53XhwfbYqKCa1cC15pYq2q,Imagine Dragons,Follow You,175643,11,False,https://open.spotify.com/track/0LtkAAEpEp1lkLX1ZvjHZb
5KXp9E22MHunsS4W4PNBUf,6yiXkzHvC0OTmhfDQOEWtS,53XhwfbYqKCa1cC15pYq2q,Imagine Dragons,Cutthroat,169741,12,False,https://open.spotify.com/track/5KXp9E22MHunsS4W4PNBUf
2wXfd4Vz6pzJrrPvGhpYz0,6yiXkzHvC0OTmhfDQOEWtS,53XhwfbYqKCa1cC15pYq2q,Imagine Dragons,No Time For Toxic People,207870,13,False,https://open.spotify.com/track/2wXfd4Vz6pzJrrPvGhpYz0
0xBlufYjHrtf8xk0QifNn1,6yiXkzHvC0OTmhfDQOEWtS,53XhwfbYqKCa1cC15pYq2q,Imagine Dragons,One Day,151337,14,False,https://open.spotify.com/track/0xBlufYjHrtf8xk0QifNn1
54ipXppHLA8U4yqpOFTUhr,6yiXkzHvC0OTmhfDQOEWtS,53XhwfbYqKCa1cC15pYq2q,Imagine Dragons,Bones,165264,1,False,https://open.spotify.com/track/54ipXppHLA8U4yqpOFTUhr
2ThaHV10xrAcL2WfqXyLnp,6yiXkzHvC0OTmhfDQOEWtS,53XhwfbYqKCa1cC15pYq2q,Imagine Dragons,Symphony,175833,2,False,https://open.spotify.com/track/2ThaHV10xrAcL2WfqXyLnp
7sA2SKTo1QbTSSYn5YvJC4,6yiXkzHvC0OTmhfDQOEWtS,53XhwfbYqKCa1cC15pYq2q,Imagine Dragons,Sharks,190883,3,False,https://open.spotify.com/track/7sA2SKTo1QbTSSYn5YvJC4
3soSAbnGLuJeARGmegvMFJ,6yiXkzHvC0OTmhfDQOEWtS,53XhwfbYqKCa1cC15pYq2q,Imagine Dragons,I Don't Like Myself,185495,4,False,https://open.spotify.com/track/3soSAbnGLuJeARGmegvMFJ
5i6V88QD3nt9at4915JISY,6yiXkzHvC0OTmhfDQOEWtS,53XhwfbYqKCa1cC15pYq2q,Imagine Dragons,Blur,175663,5,False,https://open.spotify.com/track/5i6V88QD3nt9at4915JISY
66N0XT7yr2VuFxrMc8piUy,6yiXkzHvC0OTmhfDQOEWtS,53XhwfbYqKCa1cC15pYq2q,Imagine Dragons,Higher Ground,161842,6,False,https://open.spotify.com/track/66N0XT7yr2VuFxrMc8piUy
4HOryCnbme0zBnF8LWij3f,0JGOiO34nwfUdDrD612dOp,6qqNVTkY8uBg9cP3Jd7DAH,Billie Eilish,Getting Older,244221,1,False,https://open.spotify.com/track/4HOryCnbme0zBnF8LWij3f
7bcy34fBT2ap1L4bfPsl9q,0JGOiO34nwfUdDrD612dOp,6qqNVTkY8uBg9cP3Jd7DAH,Billie Eilish,I Didn't Change My Number,158463,2,True,https://open.spotify.com/track/7bcy34fBT2ap1L4bfPsl9q
2KnuaZYoGzDoHiBTNYOTXG,0JGOiO34nwfUdDrD612dOp,6qqNVTkY8uBg9cP3Jd7DAH,Billie Eilish,Billie Bossa Nova,196730,3,False,https://open.spotify.com/track/2KnuaZYoGzDoHiBTNYOTXG
3YUMWmx8EJq0DurfuIwoGh,0JGOiO34nwfUdDrD612dOp,6qqNVTkY8uBg9cP3Jd7DAH,Billie Eilish,my future,210005,4,False,https://open.spotify.com/track/3YUMWmx8EJq0DurfuIwoGh
4t2OeILB07eMGTXSUbMPEu,0JGOiO34nwfUdDrD612dOp,6qqNVTkY8uBg9cP3Jd7DAH,Billie Eilish,Oxytocin,210232,5,False,https://open.spotify.com/track/4t2OeILB07eMGTXSUbMPEu
0FfqyjhB6Kspvit1oOo7ax,0JGOiO34nwfUdDrD612dOp,6qqNVTkY8uBg9cP3Jd7DAH,Billie Eilish,GOLDWING,151536,6,False,https://open.spotify.com/track/0FfqyjhB6Kspvit1oOo7ax
4191RXFPa7Ge9XkA4cWlna,0JGOiO34nwfUdDrD612dOp,6qqNVTkY8uBg9cP3Jd7DAH,Billie Eilish,Lost Cause,212496,7,True,https://open.spotify.com/track/4191RXFPa7Ge9XkA4cWlna
5XsAal7ZcWg1I5T4NcRjkv,0JGOiO34nwfUdDrD612dOp,6qqNVTkY8uBg9cP3Jd7DAH,Billie Eilish,Halley's Comet,234761,8,False,https://open.spotify.com/track/5XsAal7ZcWg1I5T4NcRjkv
4T2zre0jqstNJ5Gt0WG9lz,0JGOiO34nwfUdDrD612dOp,6qqNVTkY8uBg9cP3Jd7DAH,Billie Eilish,Not My Responsibility,227679,9,False,https://open.spotify.com/track/4T2zre0jqstNJ5Gt0WG9lz
5uSG6fUPRaehaV820zcpsK,0JGOiO34nwfUdDrD612dOp,6qqNVTkY8uBg9cP3Jd7DAH,Billie Eilish,OverHeated,214058,10,True,https://open.spotify.com/track/5uSG6fUPRaehaV820zcpsK
5jhBwnqzNNrENXnYrAdoCe,0JGOiO34nwfUdDrD612dOp,6qqNVTkY8uBg9cP3Jd7DAH,Billie Eilish,Everybody Dies,206622,11,False,https://open.spotify.com/track/5jhBwnqzNNrENXnYrAdoCe
042Sl6Mn83JHyLEqdK7uI0,0JGOiO34nwfUdDrD612dOp,6qqNVTkY8uBg9cP3Jd7DAH,Billie Eilish,Your Power,245896,12,False,https://open.spotify.com/track/042Sl6Mn83JHyLEqdK7uI0
38GBNKZUhfBkk3oNlWzRYd,0JGOiO34nwfUdDrD612dOp,6qqNVTkY8uBg9cP3Jd7DAH,Billie Eilish,NDA,195776,13,True,https://open.spotify.com/track/38GBNKZUhfBkk3oNlWzRYd
20R4HfKloPKgXDqU7UKk3x,0JGOiO34nwfUdDrD612dOp,6qqNVTkY8uBg9cP3Jd7DAH,Billie Eilish,Therefore I Am,173539,14,False,https://open.spotify.com/track/20R4HfKloPKgXDqU7UKk3x
4RVwu0g32PAqgUiJoXsdF8,0JGOiO34nwfUdDrD612dOp,6qqNVTkY8uBg9cP3Jd7DAH,Billie Eilish,Happier Than Ever,298899,15,True,https://open.spotify.com/track/4RVwu0g32PAqgUiJoXsdF8
4ak9GGe6afmi2HbxEjvhIC,0JGOiO34nwfUdDrD612dOp,6qqNVTkY8uBg9cP3Jd7DAH,Billie Eilish,Male Fantasy,194886,16,False,https://open.spotify.com/track/4ak9GGe6afmi2HbxEjvhIC
3WOhcATHxK2SLNeP5W3v1v,3ThlxfLSy4bfKzxWqmC7VN,25uiPmTg16RbhZWAqwLBy5,Charli xcx,Guess featuring billie eilish,143330,1,False,https://open.spotify.com/track/3WOhcATHxK2SLNeP5W3v1v
0kUUcwWKDeI12flxcyUa7Q,0fQaGkCbRIg5z7ta2SCrY0,53XhwfbYqKCa1cC15pYq2q,Imagine Dragons,My Life - Live in Vegas,188471,1,False,https://open.spotify.com/track/0kUUcwWKDeI12flxcyUa7Q
2ZvCFzcNbL20WUGMWvDOM0,0fQaGkCbRIg5z7ta2SCrY0,53XhwfbYqKCa1cC15pYq2q,Imagine Dragons,Believer - Live in Vegas,275207,2,False,https://open.spotify.com/track/2ZvCFzcNbL20WUGMWvDOM0
3U0cjsyIcKhZbBPsOPKZj7,0fQaGkCbRIg5z7ta2SCrY0,53XhwfbYqKCa1cC15pYq2q,Imagine Dragons,"Las Vegas, Our Home - Live in Vegas",75983,3,False,https://open.spotify.com/track/3U0cjsyIcKhZbBPsOPKZj7
5nSAoHM9qM1RAKiyqx7AAu,0fQaGkCbRIg5z7ta2SCrY0,53XhwfbYqKCa1cC15pYq2q,Imagine Dragons,It's Time - Live in Vegas,301084,4,False,https://open.spotify.com/track/5nSAoHM9qM1RAKiyqx7AAu
2tOetqEr23IS6t8qizBVt2,0fQaGkCbRIg5z7ta2SCrY0,53XhwfbYqKCa1cC15pYq2q,Imagine Dragons,I'm So Sorry - Live in Vegas,282208,5,False,https://open.spotify.com/track/2tOetqEr23IS6t8qizBVt2
6w9VLa9bw3XmAmZc3UPW3e,0fQaGkCbRIg5z7ta2SCrY0,53XhwfbYqKCa1cC15pYq2q,Imagine Dragons,Thunder - Live in Vegas,276972,6,False,https://open.spotify.com/track/6w9VLa9bw3XmAmZc3UPW3e
1zx9qIkjNrv0jyLanqEI09,0fQaGkCbRIg5z7ta2SCrY0,53XhwfbYqKCa1cC15pYq2q,Imagine Dragons,Birds - Live in Vegas,218834,7,False,https://open.spotify.com/track/1zx9qIkjNrv0jyLanqEI09
2q7AolZJ1mCow1nDBlUDd4,0fQaGkCbRIg5z7ta2SCrY0,53XhwfbYqKCa1cC15pYq2q,Imagine Dragons,Follow You - Live in Vegas,219554,8,False,https://open.spotify.com/track/2q7AolZJ1mCow1nDBlUDd4
6PjB9moDPUWO42KyvDfg4y,0fQaGkCbRIg5z7ta2SCrY0,53XhwfbYqKCa1cC15pYq2q,Imagine Dragons,Lonely - Live in Vegas,298326,9,False,https://open.spotify.com/track/6PjB9moDPUWO42KyvDfg4y
5NNoloxhQ9iOE6yUE2tRJn,0fQaGkCbRIg5z7ta2SCrY0,53XhwfbYqKCa1cC15pYq2q,Imagine Dragons,Natural - Live in Vegas,256036,10,False,https://open.spotify.com/track/5NNoloxhQ9iOE6yUE2tRJn
2MIZjqSTq0hZSUuDV4gMqp,0fQaGkCbRIg5z7ta2SCrY0,53XhwfbYqKCa1cC15pYq2q,Imagine Dragons,Next to Me (Acoustic) - Live in Vegas,234171,11,False,https://open.spotify.com/track/2MIZjqSTq0hZSUuDV4gMqp
5QXqQloyCOtu9rdGN7iRre,0fQaGkCbRIg5z7ta2SCrY0,53XhwfbYqKCa1cC15pYq2q,Imagine Dragons,I Bet My Life (Acoustic) - Live in Vegas,225660,12,False,https://open.spotify.com/track/5QXqQloyCOtu9rdGN7iRre
6FUgyNDSqhZVxT6NdqvIZT,0fQaGkCbRIg5z7ta2SCrY0,53XhwfbYqKCa1cC15pYq2q,Imagine Dragons,One Day (Acoustic) - Live in Vegas,244884,13,False,https://open.spotify.com/track/6FUgyNDSqhZVxT6NdqvIZT
5nASdE2ijIfq0cIG4VZCgW,0fQaGkCbRIg5z7ta2SCrY0,53XhwfbYqKCa1cC15pYq2q,Imagine Dragons,Whatever It Takes - Live in Vegas,323653,14,False,https://open.spotify.com/track/5nASdE2ijIfq0cIG4VZCgW
0be8JGyxfAY3VmiQamiIUi,0fQaGkCbRIg5z7ta2SCrY0,53XhwfbYqKCa1cC15pYq2q,Imagine Dragons,Younger - Live in Vegas,223397,15,False,https://open.spotify.com/track/0be8JGyxfAY3VmiQamiIUi
5kqRnvyLJAXdM3DqoruKGx,0fQaGkCbRIg5z7ta2SCrY0,53XhwfbYqKCa1cC15pYq2q,Imagine Dragons,Sharks - Live in Vegas,233125,16,False,https://open.spotify.com/track/5kqRnvyLJAXdM3DqoruKGx
09DHf5GrH2NW46Z3tnqRSn,0fQaGkCbRIg5z7ta2SCrY0,53XhwfbYqKCa1cC15pYq2q,Imagine Dragons,Enemy - Live in Vegas,233806,17,False,https://open.spotify.com/track/09DHf5GrH2NW46Z3tnqRSn
5zq2QfbXqkHORdJZI9z8O1,0fQaGkCbRIg5z7ta2SCrY0,53XhwfbYqKCa1cC15pYq2q,Imagine Dragons,I'm Happy - Live in Vegas,217509,18,False,https://open.spotify.com/track/5zq2QfbXqkHORdJZI9z8O1
1II3z06CILYH00zyVLCLV4,0fQaGkCbRIg5z7ta2SCrY0,53XhwfbYqKCa1cC15pYq2q,Imagine Dragons,Demons - Live in Vegas,263569,19,False,https://open.spotify.com/track/1II3z06CILYH00zyVLCLV4
3Usx0QtbyiNtzTksvofjD8,0fQaGkCbRIg5z7ta2SCrY0,53XhwfbYqKCa1cC15pYq2q,Imagine Dragons,On Top of the World - Live in Vegas,227851,20,False,https://open.spotify.com/track/3Usx0QtbyiNtzTksvofjD8
3gj1hwjku4JaoamjJVqIIl,12INlMsFtBjyehNnawBv36,1Xyo4u8uXC1ZmMpatF05PJ,The Weeknd,Dawn FM,96240,1,False,https://open.spotify.com/track/3gj1hwjku4JaoamjJVqIIl
6Uj2XaahtYXK2WeD7GGwBY,12INlMsFtBjyehNnawBv36,1Xyo4u8uXC1ZmMpatF05PJ,The Weeknd,Gasoline,212165,2,False,https://open.spotify.com/track/6Uj2XaahtYXK2WeD7GGwBY
3kOtREqmcGaEA2KhqffFnw,12INlMsFtBjyehNnawBv36,1Xyo4u8uXC1ZmMpatF05PJ,The Weeknd,How Do I Make You Love Me?,214214,3,False,https://open.spotify.com/track/3kOtREqmcGaEA2KhqffFnw
3WXyY2PxX88kpBtB0GH61w,12INlMsFtBjyehNnawBv36,1Xyo4u8uXC1ZmMpatF05PJ,The Weeknd,Take My Breath,339023,4,False,https://open.spotify.com/track/3WXyY2PxX88kpBtB0GH61w
0xa4hvXeYHRRNhA7wBfUar,12INlMsFtBjyehNnawBv36,1Xyo4u8uXC1ZmMpatF05PJ,The Weeknd,Sacrifice,188918,5,True,https://open.spotify.com/track/0xa4hvXeYHRRNhA7wBfUar
23iLEDPEJpcfYOw1tVhd2o,12INlMsFtBjyehNnawBv36,1Xyo4u8uXC1ZmMpatF05PJ,The Weeknd,A Tale By Quincy,96214,6,True,https://open.spotify.com/track/23iLEDPEJpcfYOw1tVhd2o
25C86uEjQ0fjj3bvsxIusO,12INlMsFtBjyehNnawBv36,1Xyo4u8uXC1ZmMpatF05PJ,The Weeknd,Out of Time,214190,7,False,https://open.spotify.com/track/25C86uEjQ0fjj3bvsxIusO
0khQeEwEv6GndVypzpGOG5,12INlMsFtBjyehNnawBv36,1Xyo4u8uXC1ZmMpatF05PJ,The Weeknd,"Here We Go… Again (feat. Tyler, the Creator)",209777,8,True,https://open.spotify.com/track/0khQeEwEv6GndVypzpGOG5
4cm7Ap6IWH6m8JyB9IXT3x,12INlMsFtBjyehNnawBv36,1Xyo4u8uXC1ZmMpatF05PJ,The Weeknd,Best Friends,163504,9,False,https://open.spotify.com/track/4cm7Ap6IWH6m8JyB9IXT3x
37zcCimcUGurQoLEAuN8nR,12INlMsFtBjyehNnawBv36,1Xyo4u8uXC1ZmMpatF05PJ,The Weeknd,Is There Someone Else?,199111,10,False,https://open.spotify.com/track/37zcCimcUGurQoLEAuN8nR
2022B8GxEstpvibwgbJ15s,12INlMsFtBjyehNnawBv36,1Xyo4u8uXC1ZmMpatF05PJ,The Weeknd,Starry Eyes,148000,11,False,https://open.spotify.com/track/2022B8GxEstpvibwgbJ15s
7q9Sr5kCkha0L49GAQctHl,12INlMsFtBjyehNnawBv36,1Xyo4u8uXC1ZmMpatF05PJ,The Weeknd,Every Angel is Terrifying,167255,12,False,https://open.spotify.com/track/7q9Sr5kCkha0L49GAQctHl
3TVnaEVbUBFmWYk9IOIwRo,12INlMsFtBjyehNnawBv36,1Xyo4u8uXC1ZmMpatF05PJ,The Weeknd,Don’t Break My Heart,205469,13,False,https://open.spotify.com/track/3TVnaEVbUBFmWYk9IOIwRo
7p2wRa4m9KVXEXUlkJLhUi,12INlMsFtBjyehNnawBv36,1Xyo4u8uXC1ZmMpatF05PJ,The Weeknd,I Heard You're Married (feat. Lil Wayne),263641,14,True,https://open.spotify.com/track/7p2wRa4m9KVXEXUlkJLhUi
02w1rM6spvEcbFxd63xCl2,12INlMsFtBjyehNnawBv36,1Xyo4u8uXC1ZmMpatF05PJ,The Weeknd,Less Than Zero,211814,15,False,https://open.spotify.com/track/02w1rM6spvEcbFxd63xCl2
0DvtQkuaV0VrSHgb5pwRke,12INlMsFtBjyehNnawBv36,1Xyo4u8uXC1ZmMpatF05PJ,The Weeknd,Phantom Regret by Jim,179580,16,False,https://open.spotify.com/track/0DvtQkuaV0VrSHgb5pwRke
1S9DHKpS73KFVN7nnIql3f,12INlMsFtBjyehNnawBv36,1h6Cn3P4NGzXbaXidqURXs,Swedish House Mafia,Moth To A Flame (with The Weeknd),234000,17,False,https://open.spotify.com/track/1S9DHKpS73KFVN7nnIql3f
1Jz0fAhw41suiAVekjAoLi,12INlMsFtBjyehNnawBv36,1Xyo4u8uXC1ZmMpatF05PJ,The Weeknd,Dawn FM - OPN Remix,183827,18,False,https://open.spotify.com/track/1Jz0fAhw41suiAVekjAoLi
2urqWNGpjl07PLAafoa5nT,12INlMsFtBjyehNnawBv36,1Xyo4u8uXC1ZmMpatF05PJ,The Weeknd,How Do I Make You Love Me? - Sebastian Ingrosso & Salvatore Ganacci Remix,217766,19,False,https://open.spotify.com/track/2urqWNGpjl07PLAafoa5nT
0QE33jkiMTzCI8momkDmQY,12INlMsFtBjyehNnawBv36,1Xyo4u8uXC1ZmMpatF05PJ,The Weeknd,Sacrifice (Remix) (feat. Swedish House Mafia),238032,20,True,https://open.spotify.com/track/0QE33jkiMTzCI8momkDmQY
5COQeGCkntn6AgXTHMKpdC,20dY0uZi9SzfrcWYfiWGqH,6eUKZXaKkcviH0Ku9w2n3V,Ed Sheeran,Opening,240618,1,True,https://open.spotify.com/track/5COQeGCkntn6AgXTHMKpdC
7HXUFIILHAhS6esiRy5Ibz,20dY0uZi9SzfrcWYfiWGqH,6eUKZXaKkcviH0Ku9w2n3V,Ed Sheeran,Sapphire,179082,2,False,https://open.spotify.com/track/7HXUFIILHAhS6esiRy5Ibz
0sCvjs8IVBhxXVhg7jQemt,20dY0uZi9SzfrcWYfiWGqH,6eUKZXaKkcviH0Ku9w2n3V,Ed Sheeran,Azizam,162029,3,False,https://open.spotify.com/track/0sCvjs8IVBhxXVhg7jQemt
6cuGUclNrYm0QHVO2sGqow,20dY0uZi9SzfrcWYfiWGqH,6eUKZXaKkcviH0Ku9w2n3V,Ed Sheeran,Old Phone,221831,4,False,https://open.spotify.com/track/6cuGUclNrYm0QHVO2sGqow
1Xk4qOVBo2N4lA8RWJabjM,20dY0uZi9SzfrcWYfiWGqH,6eUKZXaKkcviH0Ku9w2n3V,Ed Sheeran,Symmetry,168979,5,False,https://open.spotify.com/track/1Xk4qOVBo2N4lA8RWJabjM
6vqyk3mbDBv3npTpctYoka,20dY0uZi9SzfrcWYfiWGqH,6eUKZXaKkcviH0Ku9w2n3V,Ed Sheeran,Camera,215511,6,False,https://open.spotify.com/track/6vqyk3mbDBv3npTpctYoka
5PXJtvL22ZCxvXilaqCwxA,20dY0uZi9SzfrcWYfiWGqH,6eUKZXaKkcviH0Ku9w2n3V,Ed Sheeran,In Other Words,222782,7,False,https://open.spotify.com/track/5PXJtvL22ZCxvXilaqCwxA
7xqCJCrlpRSIHDDJsLeT0U,20dY0uZi9SzfrcWYfiWGqH,6eUKZXaKkcviH0Ku9w2n3V,Ed Sheeran,A Little More,192043,8,True,https://open.spotify.com/track/7xqCJCrlpRSIHDDJsLeT0U
6aKjPT3NM94A1PFzjbOg5Q,20dY0uZi9SzfrcWYfiWGqH,6eUKZXaKkcviH0Ku9w2n3V,Ed Sheeran,Slowly,201281,9,False,https://open.spotify.com/track/6aKjPT3NM94A1PFzjbOg5Q
7tTTe6pCTxB55H9NWLxYNM,20dY0uZi9SzfrcWYfiWGqH,6eUKZXaKkcviH0Ku9w2n3V,Ed Sheeran,Don’t Look Down,217681,10,False,https://open.spotify.com/track/7tTTe6pCTxB55H9NWLxYNM
6ehJSlppdOEGiY0B5mMv5m,20dY0uZi9SzfrcWYfiWGqH,6eUKZXaKkcviH0Ku9w2n3V,Ed Sheeran,The Vow,212792,11,False,https://open.spotify.com/track/6ehJSlppdOEGiY0B5mMv5m
2MBD2rikcUyn5ezfOTwWI4,20dY0uZi9SzfrcWYfiWGqH,6eUKZXaKkcviH0Ku9w2n3V,Ed Sheeran,For Always,207256,12,False,https://open.spotify.com/track/2MBD2rikcUyn5ezfOTwWI4
76TjANw8kPHPJDv8X8chQp,20dY0uZi9SzfrcWYfiWGqH,6eUKZXaKkcviH0Ku9w2n3V,Ed Sheeran,Heaven,243565,13,False,https://open.spotify.com/track/76TjANw8kPHPJDv8X8chQp
7tKaefLpk7pSAIE12JGxj9,5IBigZKJt8uffeMjKw5uEl,53XhwfbYqKCa1cC15pYq2q,Imagine Dragons,Woke - Demo,220795,1,False,https://open.spotify.com/track/7tKaefLpk7pSAIE12JGxj9
6pe63pLHeyXRoSBoOiQJep,5IBigZKJt8uffeMjKw5uEl,53XhwfbYqKCa1cC15pYq2q,Imagine Dragons,The Ghost Intervention - Demo,193881,2,False,https://open.spotify.com/track/6pe63pLHeyXRoSBoOiQJep
6r3jteHvR25BRmiHHJO12i,5IBigZKJt8uffeMjKw5uEl,53XhwfbYqKCa1cC15pYq2q,Imagine Dragons,Monica - Demo,198292,3,False,https://open.spotify.com/track/6r3jteHvR25BRmiHHJO12i
3JRv0tzI3NpbuC4bWKBvxm,5IBigZKJt8uffeMjKw5uEl,53XhwfbYqKCa1cC15pYq2q,Imagine Dragons,Black - Demo,203561,4,False,https://open.spotify.com/track/3JRv0tzI3NpbuC4bWKBvxm
5UxcYdHHFutzDBUw3kqIvX,5IBigZKJt8uffeMjKw5uEl,53XhwfbYqKCa1cC15pYq2q,Imagine Dragons,Strange Ways - Demo,151100,5,False,https://open.spotify.com/track/5UxcYdHHFutzDBUw3kqIvX
4I3iKBoPcd9mm9ye1BT97L,5IBigZKJt8uffeMjKw5uEl,53XhwfbYqKCa1cC15pYq2q,Imagine Dragons,I Get Carried Away - Demo,194584,6,False,https://open.spotify.com/track/4I3iKBoPcd9mm9ye1BT97L
0W48IJ8GkGKh6QNBL6Z7jx,5IBigZKJt8uffeMjKw5uEl,53XhwfbYqKCa1cC15pYq2q,Imagine Dragons,A-OK - Demo,142245,7,False,https://open.spotify.com/track/0W48IJ8GkGKh6QNBL6Z7jx
3EfnJ2rwpoiwR9b23gBPwg,5IBigZKJt8uffeMjKw5uEl,53XhwfbYqKCa1cC15pYq2q,Imagine Dragons,Destroyed - Demo,209589,8,False,https://open.spotify.com/track/3EfnJ2rwpoiwR9b23gBPwg
6YpYCl9eIYVKHd9wtCH8Xp,5IBigZKJt8uffeMjKw5uEl,53XhwfbYqKCa1cC15pYq2q,Imagine Dragons,Playin' Me - Demo,162597,9,False,https://open.spotify.com/track/6YpYCl9eIYVKHd9wtCH8Xp
34YRnN8SfhTRQVAur1yDYG,5IBigZKJt8uffeMjKw5uEl,53XhwfbYqKCa1cC15pYq2q,Imagine Dragons,My Car - Demo,151534,10,False,https://open.spotify.com/track/34YRnN8SfhTRQVAur1yDYG
1oknqle7RHTz7tQ9CBxPkw,5IBigZKJt8uffeMjKw5uEl,53XhwfbYqKCa1cC15pYq2q,Imagine Dragons,Cowboy - Demo,159845,11,False,https://open.spotify.com/track/1oknqle7RHTz7tQ9CBxPkw
0wJvJKgaRCjTGL4rGJLzKN,5IBigZKJt8uffeMjKw5uEl,53XhwfbYqKCa1cC15pYq2q,Imagine Dragons,Mayday - Demo,191993,12,False,https://open.spotify.com/track/0wJvJKgaRCjTGL4rGJLzKN
0NdHNRYRIsCyUWnEui0ff7,5IBigZKJt8uffeMjKw5uEl,53XhwfbYqKCa1cC15pYq2q,Imagine Dragons,The Journey - Demo,160671,13,False,https://open.spotify.com/track/0NdHNRYRIsCyUWnEui0ff7
111pXmDAMLeUBENG8oZlZh,5IBigZKJt8uffeMjKw5uEl,53XhwfbYqKCa1cC15pYq2q,Imagine Dragons,I Bet My Life - Demo,166311,14,False,https://open.spotify.com/track/111pXmDAMLeUBENG8oZlZh
53iuhJlwXhSER5J2IYYv1W,4a6NzYL1YHRUgx9e3YZI6I,06HL4z0CvFAxyc27GXpf02,Taylor Swift,The Fate of Ophelia,226073,1,False,https://open.spotify.com/track/53iuhJlwXhSER5J2IYYv1W
1jgTiNob5cVyXeJ3WgX5bL,4a6NzYL1YHRUgx9e3YZI6I,06HL4z0CvFAxyc27GXpf02,Taylor Swift,Elizabeth Taylor,208291,2,False,https://open.spotify.com/track/1jgTiNob5cVyXeJ3WgX5bL
3yWuTOYDztXjZxdE2cIRUa,4a6NzYL1YHRUgx9e3YZI6I,06HL4z0CvFAxyc27GXpf02,Taylor Swift,Opalite,235355,3,False,https://open.spotify.com/track/3yWuTOYDztXjZxdE2cIRUa
03bTIHJElXZ0O0jqOQvAbY,4a6NzYL1YHRUgx9e3YZI6I,06HL4z0CvFAxyc27GXpf02,Taylor Swift,Father Figure,212777,4,True,https://open.spotify.com/track/03bTIHJElXZ0O0jqOQvAbY
62HoDY1Km6lm47haFpUn9c,4a6NzYL1YHRUgx9e3YZI6I,06HL4z0CvFAxyc27GXpf02,Taylor Swift,Eldest Daughter,246356,5,True,https://open.spotify.com/track/62HoDY1Km6lm47haFpUn9c
62V2ZHslgQV98gH4AuVXnr,4a6NzYL1YHRUgx9e3YZI6I,06HL4z0CvFAxyc27GXpf02,Taylor Swift,Ruin The Friendship,220564,6,False,https://open.spotify.com/track/62V2ZHslgQV98gH4AuVXnr
2x3mwb96B6TquRqMtbxUE1,4a6NzYL1YHRUgx9e3YZI6I,06HL4z0CvFAxyc27GXpf02,Taylor Swift,Actually Romantic,163699,7,True,https://open.spotify.com/track/2x3mwb96B6TquRqMtbxUE1
2TEQvxxQabwLQMqWMg1qGu,4a6NzYL1YHRUgx9e3YZI6I,06HL4z0CvFAxyc27GXpf02,Taylor Swift,Wi$h Li$t,207349,8,True,https://open.spotify.com/track/2TEQvxxQabwLQMqWMg1qGu
5ylJtmaWPJ33cW3En7WOu0,4a6NzYL1YHRUgx9e3YZI6I,06HL4z0CvFAxyc27GXpf02,Taylor Swift,Wood,150517,9,True,https://open.spotify.com/track/5ylJtmaWPJ33cW3En7WOu0
1appZ3c336FkPvCuywfmrs,4a6NzYL1YHRUgx9e3YZI6I,06HL4z0CvFAxyc27GXpf02,Taylor Swift,CANCELLED!,211498,10,True,https://open.spotify.com/track/1appZ3c336FkPvCuywfmrs
4qmFC3Jz5aQ0erlk2OSi2X,4a6NzYL1YHRUgx9e3YZI6I,06HL4z0CvFAxyc27GXpf02,Taylor Swift,Honey,181534,11,True,https://open.spotify.com/track/4qmFC3Jz5aQ0erlk2OSi2X
5eXgqtg3T8Av0m1FUaGHex,4a6NzYL1YHRUgx9e3YZI6I,06HL4z0CvFAxyc27GXpf02,Taylor Swift,The Life of a Showgirl (feat. Sabrina Carpenter),241766,12,True,https://open.spotify.com/track/5eXgqtg3T8Av0m1FUaGHex
4mEWgqYOEiygF1mzEn901R,1PdMoahMiMnqWfzWZs3xSI,4gzpq5DPGxSnKTe4SA8HAU,Coldplay,MOON MUSiC,276476,1,False,https://open.spotify.com/track/4mEWgqYOEiygF1mzEn901R
5VSqvL5NLxBr7uMNfjwLt8,1PdMoahMiMnqWfzWZs3xSI,4gzpq5DPGxSnKTe4SA8HAU,Coldplay,feelslikeimfallinginlove,236230,2,False,https://open.spotify.com/track/5VSqvL5NLxBr7uMNfjwLt8
6xX6zmaXeKzB4u9TiM1XgU,1PdMoahMiMnqWfzWZs3xSI,4gzpq5DPGxSnKTe4SA8HAU,Coldplay,WE PRAY,233406,3,False,https://open.spotify.com/track/6xX6zmaXeKzB4u9TiM1XgU
3Bc8H4AiPnI8yECFhs6Y3O,1PdMoahMiMnqWfzWZs3xSI,4gzpq5DPGxSnKTe4SA8HAU,Coldplay,JUPiTER,240508,4,False,https://open.spotify.com/track/3Bc8H4AiPnI8yECFhs6Y3O
4nmIcNQjEGez4zeJfm5I1F,1PdMoahMiMnqWfzWZs3xSI,4gzpq5DPGxSnKTe4SA8HAU,Coldplay,GOOD FEELiNGS,217380,5,False,https://open.spotify.com/track/4nmIcNQjEGez4zeJfm5I1F
5kHwM1BRcIukEIy8x0emV8,1PdMoahMiMnqWfzWZs3xSI,4gzpq5DPGxSnKTe4SA8HAU,Coldplay,🌈,369598,6,False,https://open.spotify.com/track/5kHwM1BRcIukEIy8x0emV8
2uaihUX7HbKyXBpFxOUT2a,1PdMoahMiMnqWfzWZs3xSI,4gzpq5DPGxSnKTe4SA8HAU,Coldplay,iAAM,183371,7,False,https://open.spotify.com/track/2uaihUX7HbKyXBpFxOUT2a
3Q3dNGUbRNp0Cn9ayZQJl0,1PdMoahMiMnqWfzWZs3xSI,4gzpq5DPGxSnKTe4SA8HAU,Coldplay,AETERNA,253028,8,False,https://open.spotify.com/track/3Q3dNGUbRNp0Cn9ayZQJl0
1mAMlMxsUBQ4qqQ8FVdjt8,1PdMoahMiMnqWfzWZs3xSI,4gzpq5DPGxSnKTe4SA8HAU,Coldplay,ALL MY LOVE,222647,9,False,https://open.spotify.com/track/1mAMlMxsUBQ4qqQ8FVdjt8
66KIWk0JIZDOAfsYDCosVP,1PdMoahMiMnqWfzWZs3xSI,4gzpq5DPGxSnKTe4SA8HAU,Coldplay,ONE WORLD,407656,10,False,https://open.spotify.com/track/66KIWk0JIZDOAfsYDCosVP
5T7FLSnK2cQLfsP1hODPiC,1PdMoahMiMnqWfzWZs3xSI,4gzpq5DPGxSnKTe4SA8HAU,Coldplay,Moon Music - Elodie,166183,1,False,https://open.spotify.com/track/5T7FLSnK2cQLfsP1hODPiC
0jBZ05RoZHQfkxInRz7Byr,1PdMoahMiMnqWfzWZs3xSI,4gzpq5DPGxSnKTe4SA8HAU,Coldplay,feelslikeimfallinginlive,276080,2,False,https://open.spotify.com/track/0jBZ05RoZHQfkxInRz7Byr
0cZEkGxb0V9MbpzHzpKp9F,1PdMoahMiMnqWfzWZs3xSI,4gzpq5DPGxSnKTe4SA8HAU,Coldplay,The Karate Kid,175466,3,False,https://open.spotify.com/track/0cZEkGxb0V9MbpzHzpKp9F
0dlJ9E3QZZ78a9cUns9VCO,1PdMoahMiMnqWfzWZs3xSI,4gzpq5DPGxSnKTe4SA8HAU,Coldplay,We Pray - Be Our Guest,233320,4,False,https://open.spotify.com/track/0dlJ9E3QZZ78a9cUns9VCO
6xXocHy6Oux7H3MSDJd0mn,1PdMoahMiMnqWfzWZs3xSI,4gzpq5DPGxSnKTe4SA8HAU,Coldplay,Angelsong,261905,5,False,https://open.spotify.com/track/6xXocHy6Oux7H3MSDJd0mn
4fsBnPUzyKk8FxedqAlyx7,1PdMoahMiMnqWfzWZs3xSI,4gzpq5DPGxSnKTe4SA8HAU,Coldplay,Jupiter - Single Version,173250,6,False,https://open.spotify.com/track/4fsBnPUzyKk8FxedqAlyx7
5NPe4fAhaMwcho571EJXDi,1PdMoahMiMnqWfzWZs3xSI,4gzpq5DPGxSnKTe4SA8HAU,Coldplay,Man in The Moon,234600,7,False,https://open.spotify.com/track/5NPe4fAhaMwcho571EJXDi
2NYCEJK25YURZTQSA0msEZ,1PdMoahMiMnqWfzWZs3xSI,4gzpq5DPGxSnKTe4SA8HAU,Coldplay,i Am A Mountain,186810,8,False,https://open.spotify.com/track/2NYCEJK25YURZTQSA0msEZ
3aaXb0yHa5voqqAXALjUJm,1PdMoahMiMnqWfzWZs3xSI,4gzpq5DPGxSnKTe4SA8HAU,Coldplay,All My Love - Live in Dublin,246321,9,False,https://open.spotify.com/track/3aaXb0yHa5voqqAXALjUJm
48pTPjEyxxD4aHg9uBTp6G,1PdMoahMiMnqWfzWZs3xSI,4gzpq5DPGxSnKTe4SA8HAU,Coldplay,👋,153229,10,False,https://open.spotify.com/track/48pTPjEyxxD4aHg9uBTp6G
6BOgN046AFobs2sZV7YlRy,7EPrkhjTBrwAV8yAKCmY0Y,53XhwfbYqKCa1cC15pYq2q,Imagine Dragons,Wake Up,166706,1,False,https://open.spotify.com/track/6BOgN046AFobs2sZV7YlRy
6KmrCHbuNOsdoeDOpwetr7,7EPrkhjTBrwAV8yAKCmY0Y,53XhwfbYqKCa1cC15pYq2q,Imagine Dragons,Nice to Meet You,190773,2,False,https://open.spotify.com/track/6KmrCHbuNOsdoeDOpwetr7
7xDd7gl6AGgpiOz5trz4dM,7EPrkhjTBrwAV8yAKCmY0Y,53XhwfbYqKCa1cC15pYq2q,Imagine Dragons,Eyes Closed,200026,3,False,https://open.spotify.com/track/7xDd7gl6AGgpiOz5trz4dM
2Wop6FEmIstWTMeQb0TXcw,7EPrkhjTBrwAV8yAKCmY0Y,53XhwfbYqKCa1cC15pYq2q,Imagine Dragons,Take Me to the Beach,167080,4,False,https://open.spotify.com/track/2Wop6FEmIstWTMeQb0TXcw
5hKE4hbAVMP38XWjRlXZPO,7EPrkhjTBrwAV8yAKCmY0Y,53XhwfbYqKCa1cC15pYq2q,Imagine Dragons,In Your Corner,239893,5,False,https://open.spotify.com/track/5hKE4hbAVMP38XWjRlXZPO
1QO4QjFDpibHdYoOlTGH6x,7EPrkhjTBrwAV8yAKCmY0Y,53XhwfbYqKCa1cC15pYq2q,Imagine Dragons,Gods Don’t Pray,169893,6,False,https://open.spotify.com/track/1QO4QjFDpibHdYoOlTGH6x
5SjNA4XCvnggm47yCdNGYe,7EPrkhjTBrwAV8yAKCmY0Y,53XhwfbYqKCa1cC15pYq2q,Imagine Dragons,Don’t Forget Me,178480,7,False,https://open.spotify.com/track/5SjNA4XCvnggm47yCdNGYe
4PPK3VK5iDF7Vqmey65li2,7EPrkhjTBrwAV8yAKCmY0Y,53XhwfbYqKCa1cC15pYq2q,Imagine Dragons,Kid,159786,8,False,https://open.spotify.com/track/4PPK3VK5iDF7Vqmey65li2
2Morv8EWzWFsfbqG8vdUfy,7EPrkhjTBrwAV8yAKCmY0Y,53XhwfbYqKCa1cC15pYq2q,Imagine Dragons,Fire in These Hills,219280,9,False,https://open.spotify.com/track/2Morv8EWzWFsfbqG8vdUfy
2jP56WTCglcD8lBh9wwTUA,7EPrkhjTBrwAV8yAKCmY0Y,53XhwfbYqKCa1cC15pYq2q,Imagine Dragons,Eyes Closed (feat. J Balvin),200013,10,False,https://open.spotify.com/track/2jP56WTCglcD8lBh9wwTUA
4K09vJ27xCOreumtSuU6Ao,4VZ7jhV0wHpoNPCB7Vmiml,0du5cEVh5yTK9QJze8zA0C,Bruno Mars,Silk Sonic Intro,63060,1,False,https://open.spotify.com/track/4K09vJ27xCOreumtSuU6Ao
4pryE6cN2gFL1FVF5fYINl,4VZ7jhV0wHpoNPCB7Vmiml,0du5cEVh5yTK9QJze8zA0C,Bruno Mars,Leave The Door Open,242096,2,False,https://open.spotify.com/track/4pryE6cN2gFL1FVF5fYINl
7suB6D6uKX5DfPukdGaz0W,4VZ7jhV0wHpoNPCB7Vmiml,0du5cEVh5yTK9QJze8zA0C,Bruno Mars,Fly As Me,219389,3,False,https://open.spotify.com/track/7suB6D6uKX5DfPukdGaz0W
6jGAh1bFnXt1Muj9zeHveZ,4VZ7jhV0wHpoNPCB7Vmiml,0du5cEVh5yTK9QJze8zA0C,Bruno Mars,After Last Night (with Thundercat & Bootsy Collins),249444,4,False,https://open.spotify.com/track/6jGAh1bFnXt1Muj9zeHveZ
1oERlssLrpssCAY6Yqqs6c,4VZ7jhV0wHpoNPCB7Vmiml,0du5cEVh5yTK9QJze8zA0C,Bruno Mars,Smokin Out The Window,197442,5,False,https://open.spotify.com/track/1oERlssLrpssCAY6Yqqs6c
5lka5RUbLVQGO94mKAPMRO,4VZ7jhV0wHpoNPCB7Vmiml,0du5cEVh5yTK9QJze8zA0C,Bruno Mars,Put On A Smile,255455,6,False,https://open.spotify.com/track/5lka5RUbLVQGO94mKAPMRO
2K6vUau7bnZUamjbRSOOvJ,4VZ7jhV0wHpoNPCB7Vmiml,0du5cEVh5yTK9QJze8zA0C,Bruno Mars,777,165000,7,True,https://open.spotify.com/track/2K6vUau7bnZUamjbRSOOvJ
3WTWh2WDk4j8GUCGj4xfOd,4VZ7jhV0wHpoNPCB7Vmiml,0du5cEVh5yTK9QJze8zA0C,Bruno Mars,Skate,203122,8,False,https://open.spotify.com/track/3WTWh2WDk4j8GUCGj4xfOd
2ALh2jqA7KldpHMUHvRomw,4VZ7jhV0wHpoNPCB7Vmiml,0du5cEVh5yTK9QJze8zA0C,Bruno Mars,Love's Train,307014,9,False,https://open.spotify.com/track/2ALh2jqA7KldpHMUHvRomw
2NqyjfDXy0XfXCSPXMsKzi,4VZ7jhV0wHpoNPCB7Vmiml,0du5cEVh5yTK9QJze8zA0C,Bruno Mars,Blast Off,284870,10,False,https://open.spotify.com/track/2NqyjfDXy0XfXCSPXMsKzi
43ZbuNZJFbgGsYR5zq5ZKd,3ywiWlRdxCDyIt4xwP4yVW,6qqNVTkY8uBg9cP3Jd7DAH,Billie Eilish,INTRO (HIT ME HARD AND SOFT TOUR),116878,1,False,https://open.spotify.com/track/43ZbuNZJFbgGsYR5zq5ZKd
2FkEpuS5N3MFtvZqqn7VLk,5ZewPP4nTMtJTn4krePB2d,6eUKZXaKkcviH0Ku9w2n3V,Ed Sheeran,Tides - Live,200085,1,False,https://open.spotify.com/track/2FkEpuS5N3MFtvZqqn7VLk
1cSmk4ZC7QdJLBATbAzZO6,5ZewPP4nTMtJTn4krePB2d,6eUKZXaKkcviH0Ku9w2n3V,Ed Sheeran,BLOW - Live,202181,2,False,https://open.spotify.com/track/1cSmk4ZC7QdJLBATbAzZO6
4reJVinvcf71t71VCYwHat,5ZewPP4nTMtJTn4krePB2d,6eUKZXaKkcviH0Ku9w2n3V,Ed Sheeran,Castle on the Hill - Live,266027,3,False,https://open.spotify.com/track/4reJVinvcf71t71VCYwHat
6X2RX9M4x4hs863DDNUMNg,5ZewPP4nTMtJTn4krePB2d,6eUKZXaKkcviH0Ku9w2n3V,Ed Sheeran,Shivers - Live,268055,4,False,https://open.spotify.com/track/6X2RX9M4x4hs863DDNUMNg
7gnMJEqeFry2idtHhFp20R,5ZewPP4nTMtJTn4krePB2d,6eUKZXaKkcviH0Ku9w2n3V,Ed Sheeran,The A Team - Live,254073,5,False,https://open.spotify.com/track/7gnMJEqeFry2idtHhFp20R
7g35KmsQDeVPjXBOF1DL1F,5ZewPP4nTMtJTn4krePB2d,6eUKZXaKkcviH0Ku9w2n3V,Ed Sheeran,Don't/Nina Medley - Live,371462,6,False,https://open.spotify.com/track/7g35KmsQDeVPjXBOF1DL1F
6lbjb2cL5zPU4N7KCeEaU4,5ZewPP4nTMtJTn4krePB2d,6eUKZXaKkcviH0Ku9w2n3V,Ed Sheeran,Lego House - Live,212155,7,False,https://open.spotify.com/track/6lbjb2cL5zPU4N7KCeEaU4
2Hj1dHLl0aAekX3Sm4iK9B,5ZewPP4nTMtJTn4krePB2d,6eUKZXaKkcviH0Ku9w2n3V,Ed Sheeran,Dive - Live,260232,8,False,https://open.spotify.com/track/2Hj1dHLl0aAekX3Sm4iK9B
3ctXIw6KwoaMkfLCxtFCjr,5ZewPP4nTMtJTn4krePB2d,6eUKZXaKkcviH0Ku9w2n3V,Ed Sheeran,I See Fire - Live,483010,9,False,https://open.spotify.com/track/3ctXIw6KwoaMkfLCxtFCjr
2dHOkEYs1s4WdS51YaiZ8f,5ZewPP4nTMtJTn4krePB2d,6eUKZXaKkcviH0Ku9w2n3V,Ed Sheeran,Eyes Closed - Live,252038,10,False,https://open.spotify.com/track/2dHOkEYs1s4WdS51YaiZ8f
5bmCJB6oBM778g2KtAfZwN,5ZewPP4nTMtJTn4krePB2d,6eUKZXaKkcviH0Ku9w2n3V,Ed Sheeran,Give Me Love - Live,417442,11,False,https://open.spotify.com/track/5bmCJB6oBM778g2KtAfZwN
3Z9FpylTD2f6B6BhmTYnjN,5ZewPP4nTMtJTn4krePB2d,6eUKZXaKkcviH0Ku9w2n3V,Ed Sheeran,Collaborations Medley - Live,401365,12,False,https://open.spotify.com/track/3Z9FpylTD2f6B6BhmTYnjN
5zZlLKtPS2Qylq5xu0K8ab,5ZewPP4nTMtJTn4krePB2d,6eUKZXaKkcviH0Ku9w2n3V,Ed Sheeran,Lay It All on Me - Live,233478,13,False,https://open.spotify.com/track/5zZlLKtPS2Qylq5xu0K8ab
1U5FWT6cHrEM8eD17uEVvn,5ZewPP4nTMtJTn4krePB2d,6eUKZXaKkcviH0Ku9w2n3V,Ed Sheeran,Overpass Graffiti - Live,256404,14,False,https://open.spotify.com/track/1U5FWT6cHrEM8eD17uEVvn
5E2TlBW4XPfcCBsoGsx5t9,5ZewPP4nTMtJTn4krePB2d,6eUKZXaKkcviH0Ku9w2n3V,Ed Sheeran,Galway Girl - Live,157749,15,False,https://open.spotify.com/track/5E2TlBW4XPfcCBsoGsx5t9
341taDjwWRCScNcntpP6M2,5ZewPP4nTMtJTn4krePB2d,6eUKZXaKkcviH0Ku9w2n3V,Ed Sheeran,Thinking out Loud - Live,320017,16,False,https://open.spotify.com/track/341taDjwWRCScNcntpP6M2
3VJDDJ9h4Q4dW4BguhfgC0,5ZewPP4nTMtJTn4krePB2d,6eUKZXaKkcviH0Ku9w2n3V,Ed Sheeran,Sing - Live,299458,17,False,https://open.spotify.com/track/3VJDDJ9h4Q4dW4BguhfgC0
6hNHv8R1k5FChHn80uuYES,5ZewPP4nTMtJTn4krePB2d,6eUKZXaKkcviH0Ku9w2n3V,Ed Sheeran,Photograph - Live,313093,18,False,https://open.spotify.com/track/6hNHv8R1k5FChHn80uuYES
4sqW02Ul637AmGJbN0giXz,5ZewPP4nTMtJTn4krePB2d,6eUKZXaKkcviH0Ku9w2n3V,Ed Sheeran,Tenerife Sea - Live,370234,19,False,https://open.spotify.com/track/4sqW02Ul637AmGJbN0giXz
3ruW3vlgFiKNnsIC52uBlZ,5ZewPP4nTMtJTn4krePB2d,6eUKZXaKkcviH0Ku9w2n3V,Ed Sheeran,Happier - Live,228930,20,False,https://open.spotify.com/track/3ruW3vlgFiKNnsIC52uBlZ
5673WA8EEUSPx1ir26lhGW,3OxfaVgvTxUTy7276t7SPU,1Xyo4u8uXC1ZmMpatF05PJ,The Weeknd,Wake Me Up (feat. Justice),308575,1,False,https://open.spotify.com/track/5673WA8EEUSPx1ir26lhGW
3AWDeHLc88XogCaCnZQLVI,3OxfaVgvTxUTy7276t7SPU,1Xyo4u8uXC1ZmMpatF05PJ,The Weeknd,Cry For Me,224136,2,True,https://open.spotify.com/track/3AWDeHLc88XogCaCnZQLVI
64JIAZ0bS7WoARYfWQGCoz,3OxfaVgvTxUTy7276t7SPU,1Xyo4u8uXC1ZmMpatF05PJ,The Weeknd,I Can't Fucking Sing,12288,3,True,https://open.spotify.com/track/64JIAZ0bS7WoARYfWQGCoz
7DY756WOLyOz2Xnhw4EFiC,3OxfaVgvTxUTy7276t7SPU,1Xyo4u8uXC1ZmMpatF05PJ,The Weeknd,São Paulo (feat. Anitta),301623,4,True,https://open.spotify.com/track/7DY756WOLyOz2Xnhw4EFiC
6jDGDtQPC46pFqxph3qdbD,3OxfaVgvTxUTy7276t7SPU,1Xyo4u8uXC1ZmMpatF05PJ,The Weeknd,Until We're Skin & Bones,22033,5,False,https://open.spotify.com/track/6jDGDtQPC46pFqxph3qdbD
5rzI6Jnlhx8DgVgsOLorfW,3OxfaVgvTxUTy7276t7SPU,1Xyo4u8uXC1ZmMpatF05PJ,The Weeknd,Baptized In Fear,232176,6,False,https://open.spotify.com/track/5rzI6Jnlhx8DgVgsOLorfW
0sTBOp1hdayTjw6UOyPyi6,3OxfaVgvTxUTy7276t7SPU,1Xyo4u8uXC1ZmMpatF05PJ,The Weeknd,Open Hearts,234923,7,False,https://open.spotify.com/track/0sTBOp1hdayTjw6UOyPyi6
4Msr8L0gHGDsLSBlk7pSPU,3OxfaVgvTxUTy7276t7SPU,1Xyo4u8uXC1ZmMpatF05PJ,The Weeknd,Opening Night,96024,8,False,https://open.spotify.com/track/4Msr8L0gHGDsLSBlk7pSPU
2gyHr9WqZeMtzJOpWGuGo6,3OxfaVgvTxUTy7276t7SPU,1Xyo4u8uXC1ZmMpatF05PJ,The Weeknd,"Reflections Laughing (feat. Travis Scott, Florence + The Machine)",291192,9,True,https://open.spotify.com/track/2gyHr9WqZeMtzJOpWGuGo6
637oNhilCI9UlkWkUW4Grt,3OxfaVgvTxUTy7276t7SPU,1Xyo4u8uXC1ZmMpatF05PJ,The Weeknd,Enjoy The Show (feat. Future),301428,10,True,https://open.spotify.com/track/637oNhilCI9UlkWkUW4Grt
0FolPJnYMo71Z7qasTuoJT,3OxfaVgvTxUTy7276t7SPU,1Xyo4u8uXC1ZmMpatF05PJ,The Weeknd,Given Up On Me,354781,11,False,https://open.spotify.com/track/0FolPJnYMo71Z7qasTuoJT
0bcZ7xN9IcjSNxLerzR2yl,3OxfaVgvTxUTy7276t7SPU,1Xyo4u8uXC1ZmMpatF05PJ,The Weeknd,I Can't Wait To Get There,188921,12,True,https://open.spotify.com/track/0bcZ7xN9IcjSNxLerzR2yl
0FIDCNYYjNvPVimz5icugS,3OxfaVgvTxUTy7276t7SPU,1Xyo4u8uXC1ZmMpatF05PJ,The Weeknd,Timeless (feat Playboi Carti),256000,13,True,https://open.spotify.com/track/0FIDCNYYjNvPVimz5icugS
2v0AG62ZHtD3I4YmTb3WYM,3OxfaVgvTxUTy7276t7SPU,1Xyo4u8uXC1ZmMpatF05PJ,The Weeknd,Niagara Falls,277274,14,True,https://open.spotify.com/track/2v0AG62ZHtD3I4YmTb3WYM
7rVmzyFA7f4rNGl9onF21E,3OxfaVgvTxUTy7276t7SPU,1Xyo4u8uXC1ZmMpatF05PJ,The Weeknd,Take Me Back To LA,253734,15,False,https://open.spotify.com/track/7rVmzyFA7f4rNGl9onF21E
4sWQbsLLH2NEbO79DSZCL9,3OxfaVgvTxUTy7276t7SPU,1Xyo4u8uXC1ZmMpatF05PJ,The Weeknd,Big Sleep (feat. Giorgio Moroder),225312,16,False,https://open.spotify.com/track/4sWQbsLLH2NEbO79DSZCL9
0K3w6WNawZlv6Izmsrye8o,3OxfaVgvTxUTy7276t7SPU,1Xyo4u8uXC1ZmMpatF05PJ,The Weeknd,Give Me Mercy,216431,17,False,https://open.spotify.com/track/0K3w6WNawZlv6Izmsrye8o
6i5fDaCzwxRrZtuvvcqoIf,3OxfaVgvTxUTy7276t7SPU,1Xyo4u8uXC1ZmMpatF05PJ,The Weeknd,Drive,188645,18,False,https://open.spotify.com/track/6i5fDaCzwxRrZtuvvcqoIf
5ZDKPFRZC6QlJpf8bCIXTs,3OxfaVgvTxUTy7276t7SPU,1Xyo4u8uXC1ZmMpatF05PJ,The Weeknd,The Abyss (feat. Lana Del Rey),282873,19,False,https://open.spotify.com/track/5ZDKPFRZC6QlJpf8bCIXTs
717s9KFmHhyy5t3xkStS56,3OxfaVgvTxUTy7276t7SPU,1Xyo4u8uXC1ZmMpatF05PJ,The Weeknd,Red Terror,231860,20,False,https://open.spotify.com/track/717s9KFmHhyy5t3xkStS56
0yZPIEgco572UWiwoQtcYF,4tFsJC9jQ0Qjj7HSExhAdm,06HL4z0CvFAxyc27GXpf02,Taylor Swift,The Life of a Showgirl Intro,4947,1,False,https://open.spotify.com/track/0yZPIEgco572UWiwoQtcYF
5k9RjjuYyOMCLL81U8FaHT,4tFsJC9jQ0Qjj7HSExhAdm,06HL4z0CvFAxyc27GXpf02,Taylor Swift,The Fate of Ophelia - Track by Track,41648,2,False,https://open.spotify.com/track/5k9RjjuYyOMCLL81U8FaHT
1dosSsKwYF7hoQA2kuu6wI,4tFsJC9jQ0Qjj7HSExhAdm,06HL4z0CvFAxyc27GXpf02,Taylor Swift,The Fate of Ophelia,226073,3,False,https://open.spotify.com/track/1dosSsKwYF7hoQA2kuu6wI
3r9fAceWmaDFvbNiTnFiLr,4tFsJC9jQ0Qjj7HSExhAdm,06HL4z0CvFAxyc27GXpf02,Taylor Swift,Elizabeth Taylor - Track by Track,35910,4,False,https://open.spotify.com/track/3r9fAceWmaDFvbNiTnFiLr
1A2vZKJZovt4828jwLgiB3,4tFsJC9jQ0Qjj7HSExhAdm,06HL4z0CvFAxyc27GXpf02,Taylor Swift,Elizabeth Taylor,208291,5,False,https://open.spotify.com/track/1A2vZKJZovt4828jwLgiB3
5SkuikJwvwfEvNyCepGkq3,4tFsJC9jQ0Qjj7HSExhAdm,06HL4z0CvFAxyc27GXpf02,Taylor Swift,Opalite - Track by Track,44594,6,False,https://open.spotify.com/track/5SkuikJwvwfEvNyCepGkq3
67osB3wmJVTFzKhWqPb1Hm,4tFsJC9jQ0Qjj7HSExhAdm,06HL4z0CvFAxyc27GXpf02,Taylor Swift,Opalite,235356,7,False,https://open.spotify.com/track/67osB3wmJVTFzKhWqPb1Hm
2NGGvVcfb2m2NbVaXHC3gb,4tFsJC9jQ0Qjj7HSExhAdm,06HL4z0CvFAxyc27GXpf02,Taylor Swift,Father Figure - Track by Track,32838,8,False,https://open.spotify.com/track/2NGGvVcfb2m2NbVaXHC3gb
1lD0oPIfSYid1LhPvgrz10,4tFsJC9jQ0Qjj7HSExhAdm,06HL4z0CvFAxyc27GXpf02,Taylor Swift,Father Figure,212777,9,True,https://open.spotify.com/track/1lD0oPIfSYid1LhPvgrz10
0wAvTNz81YTUhLFWuWJSAV,4tFsJC9jQ0Qjj7HSExhAdm,06HL4z0CvFAxyc27GXpf02,Taylor Swift,Eldest Daughter - Track by Track,51818,10,False,https://open.spotify.com/track/0wAvTNz81YTUhLFWuWJSAV
6iC3L3YmAkGucvJbXKDanA,4tFsJC9jQ0Qjj7HSExhAdm,06HL4z0CvFAxyc27GXpf02,Taylor Swift,Eldest Daughter,246356,11,True,https://open.spotify.com/track/6iC3L3YmAkGucvJbXKDanA
6NUy8xajng5zMSGJRKniAG,4tFsJC9jQ0Qjj7HSExhAdm,06HL4z0CvFAxyc27GXpf02,Taylor Swift,Ruin The Friendship - Track by Track,40746,12,False,https://open.spotify.com/track/6NUy8xajng5zMSGJRKniAG
34xxPZWbEyg5iDKEBqdsBZ,4tFsJC9jQ0Qjj7HSExhAdm,06HL4z0CvFAxyc27GXpf02,Taylor Swift,Ruin The Friendship,220564,13,False,https://open.spotify.com/track/34xxPZWbEyg5iDKEBqdsBZ
6FJemhBlVTGTCgrrrLam3D,4tFsJC9jQ0Qjj7HSExhAdm,06HL4z0CvFAxyc27GXpf02,Taylor Swift,Actually Romantic - Track by Track,42434,14,False,https://open.spotify.com/track/6FJemhBlVTGTCgrrrLam3D
6ZSxG2QvGmwXbTfn7iDq7a,4tFsJC9jQ0Qjj7HSExhAdm,06HL4z0CvFAxyc27GXpf02,Taylor Swift,Actually Romantic,163699,15,True,https://open.spotify.com/track/6ZSxG2QvGmwXbTfn7iDq7a
5yrrh7VYFMCNjUOIMzGNp5,4tFsJC9jQ0Qjj7HSExhAdm,06HL4z0CvFAxyc27GXpf02,Taylor Swift,Wi$h Li$t - Track by Track,38107,16,False,https://open.spotify.com/track/5yrrh7VYFMCNjUOIMzGNp5
3Qeh4z08FfDBRfQMfDv83f,4tFsJC9jQ0Qjj7HSExhAdm,06HL4z0CvFAxyc27GXpf02,Taylor Swift,Wi$h Li$t,207349,17,True,https://open.spotify.com/track/3Qeh4z08FfDBRfQMfDv83f
20QSU9vg05qYSDVgOTAwPp,4tFsJC9jQ0Qjj7HSExhAdm,06HL4z0CvFAxyc27GXpf02,Taylor Swift,Wood - Track by Track,30142,18,False,https://open.spotify.com/track/20QSU9vg05qYSDVgOTAwPp
0129EujhGkwtwTFADGem5P,4tFsJC9jQ0Qjj7HSExhAdm,06HL4z0CvFAxyc27GXpf02,Taylor Swift,Wood,150517,19,True,https://open.spotify.com/track/0129EujhGkwtwTFADGem5P
6JNM6pLKbXMGG2opeExCb2,4tFsJC9jQ0Qjj7HSExhAdm,06HL4z0CvFAxyc27GXpf02,Taylor Swift,CANCELLED! - Track by Track,56794,20,False,https://open.spotify.com/track/6JNM6pLKbXMGG2opeExCb2
7BYoSu7vQPGoSeGemwTF92,2zSqnTr0gSXrSlPbHzLfJS,6M2wZ9GZgrQXHCFfjv46we,Dua Lipa,Overture (Live from the Royal Albert Hall),106863,1,False,https://open.spotify.com/track/7BYoSu7vQPGoSeGemwTF92
4GFlhtTAMuS8Tb1HF81EXO,2zSqnTr0gSXrSlPbHzLfJS,6M2wZ9GZgrQXHCFfjv46we,Dua Lipa,End Of An Era (Live from the Royal Albert Hall),239990,2,False,https://open.spotify.com/track/4GFlhtTAMuS8Tb1HF81EXO
6n5SwaC9Jd85LhUEPc9lg2,2zSqnTr0gSXrSlPbHzLfJS,6M2wZ9GZgrQXHCFfjv46we,Dua Lipa,Houdini (Live from the Royal Albert Hall),216522,3,False,https://open.spotify.com/track/6n5SwaC9Jd85LhUEPc9lg2
4jiOgEp2ZPjzoUF5DxaOjG,2zSqnTr0gSXrSlPbHzLfJS,6M2wZ9GZgrQXHCFfjv46we,Dua Lipa,Training Season (Live from the Royal Albert Hall),220937,4,False,https://open.spotify.com/track/4jiOgEp2ZPjzoUF5DxaOjG
10vUBju7N39lmoBxwyn2AN,2zSqnTr0gSXrSlPbHzLfJS,6M2wZ9GZgrQXHCFfjv46we,Dua Lipa,These Walls (Live from the Royal Albert Hall),230702,5,False,https://open.spotify.com/track/10vUBju7N39lmoBxwyn2AN
1JK1cdBkqEtZNtFlRutyds,2zSqnTr0gSXrSlPbHzLfJS,6M2wZ9GZgrQXHCFfjv46we,Dua Lipa,Whatcha Doing (Live from the Royal Albert Hall),238578,6,False,https://open.spotify.com/track/1JK1cdBkqEtZNtFlRutyds
59LPUEzyMbSQhttDDxO0Dd,2zSqnTr0gSXrSlPbHzLfJS,6M2wZ9GZgrQXHCFfjv46we,Dua Lipa,French Exit (Live from the Royal Albert Hall),225553,7,False,https://open.spotify.com/track/59LPUEzyMbSQhttDDxO0Dd
0bKZUSWUSxLFm7FyZHsvYd,2zSqnTr0gSXrSlPbHzLfJS,6M2wZ9GZgrQXHCFfjv46we,Dua Lipa,Illusion (Live from the Royal Albert Hall),237212,8,False,https://open.spotify.com/track/0bKZUSWUSxLFm7FyZHsvYd
0vN5BWVA6VFWS4zWa68y6a,2zSqnTr0gSXrSlPbHzLfJS,6M2wZ9GZgrQXHCFfjv46we,Dua Lipa,Falling Forever (Live from the Royal Albert Hall),240723,9,False,https://open.spotify.com/track/0vN5BWVA6VFWS4zWa68y6a
7tbHVPNQyFCGJMWKDix9CL,2zSqnTr0gSXrSlPbHzLfJS,6M2wZ9GZgrQXHCFfjv46we,Dua Lipa,Anything For Love (Live from the Royal Albert Hall),189701,10,False,https://open.spotify.com/track/7tbHVPNQyFCGJMWKDix9CL
4Qa1TKaOC5AL20kYJUsI2k,2zSqnTr0gSXrSlPbHzLfJS,6M2wZ9GZgrQXHCFfjv46we,Dua Lipa,Maria (Live from the Royal Albert Hall),225797,11,False,https://open.spotify.com/track/4Qa1TKaOC5AL20kYJUsI2k
5skosSCL6M6WFkfxG0BnkZ,2zSqnTr0gSXrSlPbHzLfJS,6M2wZ9GZgrQXHCFfjv46we,Dua Lipa,Happy For You (Live from the Royal Albert Hall),263606,12,False,https://open.spotify.com/track/5skosSCL6M6WFkfxG0BnkZ
41W3gyf25NrDk1B7p5egBP,2zSqnTr0gSXrSlPbHzLfJS,6M2wZ9GZgrQXHCFfjv46we,Dua Lipa,Love Again (Live from the Royal Albert Hall),362031,13,False,https://open.spotify.com/track/41W3gyf25NrDk1B7p5egBP
1juI2TNefxJwSKFZ5FSNVQ,2zSqnTr0gSXrSlPbHzLfJS,6M2wZ9GZgrQXHCFfjv46we,Dua Lipa,Pretty Please (Live from the Royal Albert Hall),205643,14,False,https://open.spotify.com/track/1juI2TNefxJwSKFZ5FSNVQ
6sohkQSRVywh50akAo8MMd,2zSqnTr0gSXrSlPbHzLfJS,6M2wZ9GZgrQXHCFfjv46we,Dua Lipa,Levitating (Live from the Royal Albert Hall),264536,15,False,https://open.spotify.com/track/6sohkQSRVywh50akAo8MMd
5kYoZZOVXfPqYsJDQLlIYU,2zSqnTr0gSXrSlPbHzLfJS,6M2wZ9GZgrQXHCFfjv46we,Dua Lipa,Sunshine (Live from the Royal Albert Hall),282582,16,False,https://open.spotify.com/track/5kYoZZOVXfPqYsJDQLlIYU
3jVJ5y7l4s932FzKxTqtmg,2zSqnTr0gSXrSlPbHzLfJS,6M2wZ9GZgrQXHCFfjv46we,Dua Lipa,Cold Heart (Live from the Royal Albert Hall),328007,17,False,https://open.spotify.com/track/3jVJ5y7l4s932FzKxTqtmg
2ao1MTHeYktskuQRQtS8kN,2zSqnTr0gSXrSlPbHzLfJS,6M2wZ9GZgrQXHCFfjv46we,Dua Lipa,Be The One (Live from the Royal Albert Hall),289407,18,False,https://open.spotify.com/track/2ao1MTHeYktskuQRQtS8kN
1EIu6RsVrGIkmjRePSnNH1,2zSqnTr0gSXrSlPbHzLfJS,6M2wZ9GZgrQXHCFfjv46we,Dua Lipa,Dance The Night (Live from the Royal Albert Hall),247776,19,False,https://open.spotify.com/track/1EIu6RsVrGIkmjRePSnNH1
18qXJ0iu4OO0jVla8v83dA,2zSqnTr0gSXrSlPbHzLfJS,6M2wZ9GZgrQXHCFfjv46we,Dua Lipa,Don’t Start Now (Live from the Royal Albert Hall),265930,20,False,https://open.spotify.com/track/18qXJ0iu4OO0jVla8v83dA
5smRnVMA4styRxLg68StSC,5xD1PSd5c5APDM0SdkkqnH,6eUKZXaKkcviH0Ku9w2n3V,Ed Sheeran,The A Team,258373,1,False,https://open.spotify.com/track/5smRnVMA4styRxLg68StSC
4r83yXj8JlEX6MVLvhupq6,5xD1PSd5c5APDM0SdkkqnH,6eUKZXaKkcviH0Ku9w2n3V,Ed Sheeran,"You Need Me, I Don't Need You",220413,2,True,https://open.spotify.com/track/4r83yXj8JlEX6MVLvhupq6
7xhNkxzgZLFu49BZBspPmX,5xD1PSd5c5APDM0SdkkqnH,6eUKZXaKkcviH0Ku9w2n3V,Ed Sheeran,Lego House,185093,3,False,https://open.spotify.com/track/7xhNkxzgZLFu49BZBspPmX
0o3wlw7aQMHwkaQiyAU60A,5xD1PSd5c5APDM0SdkkqnH,6eUKZXaKkcviH0Ku9w2n3V,Ed Sheeran,Give Me Love,323807,4,False,https://open.spotify.com/track/0o3wlw7aQMHwkaQiyAU60A
5wxRVeHlbX5WiN7q5Nj3ZH,5xD1PSd5c5APDM0SdkkqnH,6eUKZXaKkcviH0Ku9w2n3V,Ed Sheeran,Sing,235382,5,False,https://open.spotify.com/track/5wxRVeHlbX5WiN7q5Nj3ZH
72itamxdQe2EJbJn1Q2m8L,5xD1PSd5c5APDM0SdkkqnH,6eUKZXaKkcviH0Ku9w2n3V,Ed Sheeran,Don't,219840,6,False,https://open.spotify.com/track/72itamxdQe2EJbJn1Q2m8L
3yc56uWJblMLwKcicVuKQW,5xD1PSd5c5APDM0SdkkqnH,6eUKZXaKkcviH0Ku9w2n3V,Ed Sheeran,Thinking out Loud,281560,7,False,https://open.spotify.com/track/3yc56uWJblMLwKcicVuKQW
0tyeXFnXYPobaHPdp3dRj6,5xD1PSd5c5APDM0SdkkqnH,6eUKZXaKkcviH0Ku9w2n3V,Ed Sheeran,Bloodstream,300253,8,False,https://open.spotify.com/track/0tyeXFnXYPobaHPdp3dRj6
52aBxQk1yJ4qn9iwvW3UPb,5xD1PSd5c5APDM0SdkkqnH,6eUKZXaKkcviH0Ku9w2n3V,Ed Sheeran,Photograph,258986,9,False,https://open.spotify.com/track/52aBxQk1yJ4qn9iwvW3UPb
1JsIsZnbJ6GNFAIIdiLCMw,5xD1PSd5c5APDM0SdkkqnH,6eUKZXaKkcviH0Ku9w2n3V,Ed Sheeran,Tenerife Sea,241346,10,False,https://open.spotify.com/track/1JsIsZnbJ6GNFAIIdiLCMw
0904bzxptKuNiQn6hljK4g,5xD1PSd5c5APDM0SdkkqnH,6eUKZXaKkcviH0Ku9w2n3V,Ed Sheeran,I See Fire,299146,11,False,https://open.spotify.com/track/0904bzxptKuNiQn6hljK4g
1k3Tp2CtDEnQxZL9pXoFEn,5xD1PSd5c5APDM0SdkkqnH,4WN5naL3ofxrVBgFpguzKo,Rudimental,Lay It All on Me (feat. Ed Sheeran),242440,12,False,https://open.spotify.com/track/1k3Tp2CtDEnQxZL9pXoFEn
6hqgRCAxFKoU5D8JC4pE0o,5xD1PSd5c5APDM0SdkkqnH,6eUKZXaKkcviH0Ku9w2n3V,Ed Sheeran,Castle on the Hill,261153,13,False,https://open.spotify.com/track/6hqgRCAxFKoU5D8JC4pE0o
2sMTmMYviXS6bgsWMTDZhB,5xD1PSd5c5APDM0SdkkqnH,6eUKZXaKkcviH0Ku9w2n3V,Ed Sheeran,Shape of You,233712,14,False,https://open.spotify.com/track/2sMTmMYviXS6bgsWMTDZhB
042DklXACCB3vsO9ahvlhj,5xD1PSd5c5APDM0SdkkqnH,6eUKZXaKkcviH0Ku9w2n3V,Ed Sheeran,Galway Girl,168253,15,False,https://open.spotify.com/track/042DklXACCB3vsO9ahvlhj
5kMziGZ4Ply3mnroy5Mohs,5xD1PSd5c5APDM0SdkkqnH,6eUKZXaKkcviH0Ku9w2n3V,Ed Sheeran,Perfect,263400,16,False,https://open.spotify.com/track/5kMziGZ4Ply3mnroy5Mohs
1drMF1LyQaTc1q76RrfdEW,5xD1PSd5c5APDM0SdkkqnH,6eUKZXaKkcviH0Ku9w2n3V,Ed Sheeran,Happier,207520,17,False,https://open.spotify.com/track/1drMF1LyQaTc1q76RrfdEW
673LEnuLl5EiTVjPgcSpgp,5xD1PSd5c5APDM0SdkkqnH,6eUKZXaKkcviH0Ku9w2n3V,Ed Sheeran,Dive,238440,18,False,https://open.spotify.com/track/673LEnuLl5EiTVjPgcSpgp
6hvRoJ0BTZywxu8UCPBkzx,5xD1PSd5c5APDM0SdkkqnH,6eUKZXaKkcviH0Ku9w2n3V,Ed Sheeran,I Don't Care,219946,19,False,https://open.spotify.com/track/6hvRoJ0BTZywxu8UCPBkzx
3evgoUk0aHc6TIOoyoB6Gl,5xD1PSd5c5APDM0SdkkqnH,6eUKZXaKkcviH0Ku9w2n3V,Ed Sheeran,Beautiful People (feat. Khalid),197866,20,False,https://open.spotify.com/track/3evgoUk0aHc6TIOoyoB6Gl
0Mh8fjEr0S7wTHlshS3js5,2ajCD41iDxflpYBZmSO9S7,6eUKZXaKkcviH0Ku9w2n3V,Ed Sheeran,Opening,240618,1,True,https://open.spotify.com/track/0Mh8fjEr0S7wTHlshS3js5
4Kf0Ite82rt1GT6be8qb5a,2ajCD41iDxflpYBZmSO9S7,6eUKZXaKkcviH0Ku9w2n3V,Ed Sheeran,Sapphire,179082,2,False,https://open.spotify.com/track/4Kf0Ite82rt1GT6be8qb5a
1EvpfpKAO8YFVA0h9lpzRs,2ajCD41iDxflpYBZmSO9S7,6eUKZXaKkcviH0Ku9w2n3V,Ed Sheeran,Azizam,162029,3,False,https://open.spotify.com/track/1EvpfpKAO8YFVA0h9lpzRs
6NU7ghrNRU7zGxgo72XAjN,2ajCD41iDxflpYBZmSO9S7,6eUKZXaKkcviH0Ku9w2n3V,Ed Sheeran,Old Phone,221831,4,False,https://open.spotify.com/track/6NU7ghrNRU7zGxgo72XAjN
5f7KbHQMGdUXMBPIDyh4ne,2ajCD41iDxflpYBZmSO9S7,6eUKZXaKkcviH0Ku9w2n3V,Ed Sheeran,Symmetry,168979,5,False,https://open.spotify.com/track/5f7KbHQMGdUXMBPIDyh4ne
6SPdTa4csVMk5w53BLzB3h,2ajCD41iDxflpYBZmSO9S7,6eUKZXaKkcviH0Ku9w2n3V,Ed Sheeran,Camera,215511,6,False,https://open.spotify.com/track/6SPdTa4csVMk5w53BLzB3h
2GbgRyqPmLbpu48G7XdzwT,2ajCD41iDxflpYBZmSO9S7,6eUKZXaKkcviH0Ku9w2n3V,Ed Sheeran,In Other Words,222782,7,False,https://open.spotify.com/track/2GbgRyqPmLbpu48G7XdzwT
7syYTGHm8koNJSTXRFKzV5,2ajCD41iDxflpYBZmSO9S7,6eUKZXaKkcviH0Ku9w2n3V,Ed Sheeran,A Little More,192043,8,True,https://open.spotify.com/track/7syYTGHm8koNJSTXRFKzV5
1w9U1nBjihWJE9qs1BJf5W,2ajCD41iDxflpYBZmSO9S7,6eUKZXaKkcviH0Ku9w2n3V,Ed Sheeran,Slowly,201281,9,False,https://open.spotify.com/track/1w9U1nBjihWJE9qs1BJf5W
5LASYzrC2UB5eBlkFXnK5d,2ajCD41iDxflpYBZmSO9S7,6eUKZXaKkcviH0Ku9w2n3V,Ed Sheeran,Don’t Look Down,217681,10,False,https://open.spotify.com/track/5LASYzrC2UB5eBlkFXnK5d
3ylZkEA3CXvdNmJxdkRmwv,2ajCD41iDxflpYBZmSO9S7,6eUKZXaKkcviH0Ku9w2n3V,Ed Sheeran,The Vow,212792,11,False,https://open.spotify.com/track/3ylZkEA3CXvdNmJxdkRmwv
1uGMoltwrg4pUkZoR50gpR,2ajCD41iDxflpYBZmSO9S7,6eUKZXaKkcviH0Ku9w2n3V,Ed Sheeran,For Always,207256,12,False,https://open.spotify.com/track/1uGMoltwrg4pUkZoR50gpR
2ario0DrCzCuoKfUhsmNo6,2ajCD41iDxflpYBZmSO9S7,6eUKZXaKkcviH0Ku9w2n3V,Ed Sheeran,Heaven,243565,13,False,https://open.spotify.com/track/2ario0DrCzCuoKfUhsmNo6
62WVbJ8qAj5UQLM6hrT7Wt,2ajCD41iDxflpYBZmSO9S7,6eUKZXaKkcviH0Ku9w2n3V,Ed Sheeran,Problems,174628,14,False,https://open.spotify.com/track/62WVbJ8qAj5UQLM6hrT7Wt
0zGWUuWm88GsDz1h2sOR9C,2ajCD41iDxflpYBZmSO9S7,6eUKZXaKkcviH0Ku9w2n3V,Ed Sheeran,War Game,192259,15,False,https://open.spotify.com/track/0zGWUuWm88GsDz1h2sOR9C
74ZY67c76UguVpUGLgjfmb,2ajCD41iDxflpYBZmSO9S7,6eUKZXaKkcviH0Ku9w2n3V,Ed Sheeran,Regrets,228514,16,False,https://open.spotify.com/track/74ZY67c76UguVpUGLgjfmb
08vSR7kV7cUqGnCpSzJfJ8,2ajCD41iDxflpYBZmSO9S7,6eUKZXaKkcviH0Ku9w2n3V,Ed Sheeran,Freedom,237568,17,False,https://open.spotify.com/track/08vSR7kV7cUqGnCpSzJfJ8
3hj8W5q7BI1Uam1rn47a9Q,2ajCD41iDxflpYBZmSO9S7,6eUKZXaKkcviH0Ku9w2n3V,Ed Sheeran,Skeletons,161069,18,False,https://open.spotify.com/track/3hj8W5q7BI1Uam1rn47a9Q
44LQLFc6O3tsxFDz0Z6IyT,2ajCD41iDxflpYBZmSO9S7,6eUKZXaKkcviH0Ku9w2n3V,Ed Sheeran,Technicolour,139005,19,False,https://open.spotify.com/track/44LQLFc6O3tsxFDz0Z6IyT
5Z3BpQ8jZhyDLluo5QUfWS,2ajCD41iDxflpYBZmSO9S7,6eUKZXaKkcviH0Ku9w2n3V,Ed Sheeran,Satellite,159075,20,False,https://open.spotify.com/track/5Z3BpQ8jZhyDLluo5QUfWS
